episode,r,l
1,108.44773898387957,298.0
2,122.67926540615349,321.0
3,147.1689602005863,381.0
4,208.62711067503338,390.0
5,185.50080055281288,352.0
6,227.2626745945465,630.0
7,379.18159775145784,1000.0
8,182.743955308686,377.0
9,209.48077932749675,498.0
10,105.49873743551062,269.0
11,216.3402735508962,432.0
12,122.57655705923884,305.0
13,133.30729855045124,311.0
14,173.86531463432013,461.0
15,119.18755427285646,309.0
16,412.0503612791489,958.0
17,160.97970549193803,367.0
18,114.66990774560352,299.0
19,149.88138507935105,375.0
20,140.59374150151012,405.0
21,239.56250725523995,614.0
22,192.72604058867117,414.0
23,98.13094103608215,236.0
24,141.09158171303534,351.0
25,239.55826421839024,556.0
26,201.63580046371908,488.0
27,198.53395517570314,530.0
28,197.76889419947128,480.0
29,190.80237551605657,452.0
30,354.8887336049442,701.0
31,236.11042883442474,443.0
32,199.42269311126626,477.0
33,261.43375734593053,528.0
34,134.51804382786486,358.0
35,184.49925540274825,526.0
36,130.0474654019275,313.0
37,127.91794558790991,385.0
38,247.13685312017978,567.0
39,170.85581347122016,365.0
40,143.4356215355313,356.0
41,114.90948439072434,333.0
42,123.20967702903351,347.0
43,165.48643668401297,371.0
44,122.43873956947631,331.0
45,154.6883114376627,276.0
46,139.6812513250479,347.0
47,87.90940463171417,205.0
48,286.48897890646265,545.0
49,247.2514100410018,541.0
50,235.84960317176095,544.0
51,185.89567512040895,470.0
52,226.32233880969395,514.0
53,469.6091676868859,804.0
54,252.14668966074385,572.0
55,180.81183428368175,308.0
56,129.65161524600666,227.0
57,316.6271646842811,698.0
58,135.56127066161983,346.0
59,324.7011044053911,694.0
60,114.25182284430448,311.0
61,310.78870478895095,581.0
62,155.00669837434893,388.0
63,150.1731326794902,358.0
64,251.9224607402067,714.0
65,122.96516803977748,290.0
66,309.7167858669273,529.0
67,150.00723531584293,356.0
68,115.10784164686001,308.0
69,208.6137993107637,424.0
70,216.11836432736362,350.0
71,269.1986663622672,526.0
72,294.02320189089085,649.0
73,219.91993282401864,478.0
74,121.06892697344432,319.0
75,165.40340092107573,423.0
76,354.4505003210159,721.0
77,101.91813673868499,254.0
78,146.07216781482916,399.0
79,172.26993878005138,336.0
80,146.59997841314342,363.0
81,114.42749258589275,292.0
82,211.788813389426,402.0
83,270.9213690088434,635.0
84,94.88615146946718,249.0
85,112.22833108289753,271.0
86,119.56544543549691,332.0
87,133.2431592533082,340.0
88,185.52494641253753,318.0
89,103.09933884234087,241.0
90,396.17635299836564,795.0
91,211.1517546604105,470.0
92,129.65566509779816,309.0
93,275.34045125341515,500.0
94,183.46275821203963,418.0
95,412.43013857748116,856.0
96,208.3347222714056,348.0
97,153.7500711058049,387.0
98,104.32904202670096,289.0
99,108.0308432773078,310.0
100,181.15814366025754,445.0
101,207.52010536496422,389.0
102,124.81250106961193,329.0
103,243.1068765670781,460.0
104,139.336577845755,351.0
105,232.57519697875378,402.0
106,138.05669499131426,333.0
107,150.61768983041685,310.0
108,233.03196557303153,517.0
109,196.84796247456603,415.0
110,145.1053474950263,365.0
111,213.07859733317517,436.0
112,167.52751946608203,355.0
113,177.1414467097966,413.0
114,140.44319153562014,395.0
115,327.16530199567813,695.0
116,208.0848567863106,346.0
117,162.3773675149355,329.0
118,191.45308172751047,321.0
119,329.8848723992699,615.0
120,395.18084294550084,970.0
121,117.79617457945828,307.0
122,223.05198078812364,552.0
123,244.10474673055535,408.0
124,140.49454396853244,362.0
125,290.8686247482682,551.0
126,369.9295015616699,844.0
127,361.7277917939054,745.0
128,107.4468476997041,276.0
129,215.21703834222583,358.0
130,103.8773622426171,258.0
131,139.45635914457915,344.0
132,109.35290138058268,267.0
133,223.4120169233541,399.0
134,113.07630211182219,291.0
135,155.418480629285,287.0
136,207.66220296419237,357.0
137,203.916433204395,553.0
138,107.93425734568811,281.0
139,249.01194327442607,585.0
140,88.80181877504778,209.0
141,141.37402579919768,354.0
142,240.56531106557745,553.0
143,240.14291152657762,454.0
144,254.73103906917765,486.0
145,241.14388430032787,463.0
146,145.18311624815442,315.0
147,182.83994015901385,497.0
148,524.8081821226702,1001.0
149,103.47881119509395,250.0
150,234.92283458723884,524.0
151,181.93938244544267,398.0
152,229.51978594921204,486.0
153,393.84152615461596,666.0
154,104.07435116446685,270.0
155,130.64482539602022,336.0
156,200.84397277914826,376.0
157,256.93871786529917,567.0
158,190.73900890173488,379.0
159,132.33542595277962,343.0
160,364.8989176495051,775.0
161,133.3062106258621,321.0
162,207.16106473348637,376.0
163,231.65718747040623,570.0
164,228.14503164965575,485.0
165,328.4833542904739,732.0
166,108.91810298784902,283.0
167,154.882735459502,266.0
168,105.30554934039488,274.0
169,113.24008508142393,300.0
170,221.1264822210579,500.0
171,164.8006364699344,302.0
172,185.42575672762501,485.0
173,161.34936364326364,309.0
174,163.71651537253064,324.0
175,104.80733213176975,276.0
176,182.2277331509171,320.0
177,344.5955657702488,758.0
178,174.09312126268517,471.0
179,409.89569851658234,836.0
180,254.37219891654638,517.0
181,175.92070780223793,316.0
182,189.24975521146752,534.0
183,396.4414161654158,827.0
184,175.01803996281362,331.0
185,256.1223630876807,504.0
186,232.48319806138113,446.0
187,218.708157320639,405.0
188,103.02815019418274,279.0
189,160.59486868943117,296.0
190,308.2883322636371,842.0
191,215.92418466259295,518.0
192,393.1093612299903,836.0
193,137.97122085969568,356.0
194,370.7266959551364,821.0
195,102.13406153662548,287.0
196,162.09510631603126,353.0
197,187.61195669045637,324.0
198,327.06795272109355,639.0
199,233.7908156041757,542.0
200,111.43215502991471,282.0
201,191.10200603774175,363.0
202,154.59987197015593,416.0
203,178.08702217771534,344.0
204,202.97854641895316,386.0
205,422.5691689383352,923.0
206,182.5722758204005,344.0
207,432.65381457367187,963.0
208,122.97994868881463,282.0
209,149.1658716601495,382.0
210,262.32886887853306,435.0
211,182.6752653200603,365.0
212,176.85444745391254,432.0
213,177.28674123860654,411.0
214,112.99296553612676,282.0
215,239.94006650636004,453.0
216,450.1489000560127,797.0
217,286.8057607706333,613.0
218,235.03204646557725,486.0
219,178.31441692781544,489.0
220,225.80448148674924,439.0
221,177.6348725117696,370.0
222,232.8186723226555,416.0
223,142.02726569761015,371.0
224,310.47042896113857,588.0
225,86.80374710110571,226.0
226,199.75190602181257,397.0
227,276.17561992433116,569.0
228,237.73882263161377,496.0
229,512.8589442953261,1001.0
230,242.04306246970145,529.0
231,414.9836234415738,805.0
232,188.9874650125196,320.0
233,245.1247421399204,437.0
234,143.4311904320642,302.0
235,471.856912183925,946.0
236,95.05588073580688,235.0
237,206.6942820887353,346.0
238,297.25997753588814,671.0
239,192.76942022517352,406.0
240,212.86193411480872,483.0
241,148.67327278644018,317.0
242,234.56249606293485,494.0
243,287.4250572538685,565.0
244,388.93710433085596,761.0
245,123.93730838134576,314.0
246,189.63602021921128,355.0
247,228.9202079382537,416.0
248,272.3868029555414,507.0
249,385.8062838354948,811.0
250,205.2112043480894,349.0
251,269.84011453131825,607.0
252,207.43103808440748,378.0
253,260.63335345564917,434.0
254,270.77385702605636,480.0
255,423.0875785466894,797.0
256,210.0975559332934,377.0
257,129.38188959419384,329.0
258,224.77269101349773,478.0
259,333.65239645320776,730.0
260,284.9303681885728,607.0
261,173.93803148478082,312.0
262,165.76162951047849,348.0
263,214.21649441942338,422.0
264,439.93540192320154,822.0
265,251.42105582515543,583.0
266,196.83912553880555,396.0
267,307.65652149774235,521.0
268,157.9216713705994,302.0
269,142.4230780819441,293.0
270,313.63332493822963,610.0
271,240.49604654050796,515.0
272,370.0994095711882,787.0
273,232.11944214002193,414.0
274,201.76657969264411,370.0
275,342.3013326552477,656.0
276,215.1996308923097,388.0
277,198.70829713353854,377.0
278,466.7593169563207,923.0
279,203.70599860948147,367.0
280,170.03673402790548,362.0
281,286.06337071096186,656.0
282,170.92215177235667,308.0
283,233.2474884300996,454.0
284,125.70721347144485,333.0
285,285.29237151034505,589.0
286,267.1907407411712,464.0
287,250.08368557852143,466.0
288,358.31554191343724,702.0
289,203.01098021512817,372.0
290,387.92388188107515,779.0
291,183.4859619353237,310.0
292,97.80356510455192,251.0
293,231.15304066443903,401.0
294,294.33681662051407,627.0
295,284.9359615741274,503.0
296,105.79921113933152,276.0
297,162.24423989044902,335.0
298,460.14155686543273,1001.0
299,389.9929121592791,875.0
300,152.95089179816145,297.0
301,99.18030352241726,237.0
302,422.2954763673311,793.0
303,196.77405085380207,346.0
304,379.16869420104916,743.0
305,252.57432867368323,496.0
306,203.20604888264234,383.0
307,248.3910035480499,460.0
308,132.19894039988304,326.0
309,272.0980522367158,569.0
310,448.559941210655,962.0
311,175.23790490435948,343.0
312,284.9293565302537,559.0
313,262.30769599000473,506.0
314,137.75007067344941,314.0
315,126.29121789384389,292.0
316,242.34388372116732,485.0
317,322.5770753211502,659.0
318,278.8231787930968,520.0
319,182.53294402047246,415.0
320,181.66497458619543,310.0
321,153.28914318499187,291.0
322,202.5866255303113,431.0
323,176.27309758730726,334.0
324,381.1623845910695,717.0
325,296.0531183488533,581.0
326,196.4095733245076,404.0
327,172.44830443243666,322.0
328,243.0191517734328,421.0
329,344.25824714843003,649.0
330,391.15210898960646,740.0
331,181.12930672241237,390.0
332,215.94454064911363,505.0
333,168.90525189367182,507.0
334,295.3701239417476,611.0
335,212.39458207153564,386.0
336,159.84820741333976,429.0
337,237.50670600861812,465.0
338,182.66705600964448,342.0
339,182.08057140284683,404.0
340,133.42391823492932,267.0
341,135.9160556554342,302.0
342,346.90499462060706,767.0
343,253.69681219807086,533.0
344,284.0450446851816,570.0
345,150.85166278335893,308.0
346,218.0985873925097,467.0
347,182.30109739192122,393.0
348,196.9494423293509,344.0
349,274.7721191177235,594.0
350,232.8190591278498,451.0
351,372.0529262293566,787.0
352,262.02360728826386,674.0
353,120.28087002827795,341.0
354,441.2484754108606,833.0
355,169.90027019987943,383.0
356,300.30873184844813,607.0
357,351.02468445847165,645.0
358,288.6654245326744,626.0
359,134.6916046220565,344.0
360,142.21275551982217,284.0
361,253.0157827610496,615.0
362,306.9891002409298,639.0
363,168.81844396272416,382.0
364,383.29787611197963,866.0
365,181.9116472434627,338.0
366,280.5304612564781,577.0
367,182.18403927748966,343.0
368,350.7426623292032,766.0
369,349.352544704859,687.0
370,195.34122902679584,383.0
371,209.33250599284284,403.0
372,307.9351976189522,537.0
373,226.662574879042,444.0
374,318.3450565629064,569.0
375,446.5751953264577,1001.0
376,539.1845364766024,1001.0
377,229.60970511889798,445.0
378,260.6356708692243,636.0
379,234.75439354768739,409.0
380,197.97895749563622,365.0
381,265.4041481456353,525.0
382,414.9202740493254,849.0
383,167.30033434631838,335.0
384,467.4090584799608,911.0
385,211.7869038322518,547.0
386,181.50480376307976,372.0
387,383.8138302396116,830.0
388,154.21940645888571,379.0
389,133.5550992152939,329.0
390,383.7376043630869,868.0
391,243.7322510563156,435.0
392,248.39447593483183,536.0
393,236.8456057219401,484.0
394,231.21813396656518,561.0
395,220.15029152735252,417.0
396,115.87280349791398,297.0
397,267.719451310604,509.0
398,225.20275361695172,453.0
399,357.97115069646907,667.0
400,140.09197004477,322.0
401,401.9798893212578,839.0
402,282.9628028754243,582.0
403,90.19770781506152,211.0
404,249.83578749961447,447.0
405,184.24700085202002,352.0
406,495.8488964291825,1001.0
407,189.631156304279,336.0
408,347.3872544530787,857.0
409,186.53385399882453,376.0
410,265.89089625347793,489.0
411,162.8070560309363,321.0
412,290.9912553456666,676.0
413,153.42279093145652,333.0
414,233.54835404573393,450.0
415,209.26341630496253,419.0
416,212.3220176894122,495.0
417,125.05189029032766,263.0
418,160.48950437891096,321.0
419,266.17795314137663,558.0
420,96.35480465315783,233.0
421,373.7144800627041,759.0
422,403.13952293419624,789.0
423,231.0918905647687,417.0
424,109.65633084205035,262.0
425,245.7328874148575,459.0
426,279.57081024902243,514.0
427,357.81902163891334,629.0
428,231.9027430194356,503.0
429,219.99935797848062,402.0
430,159.00314873315574,378.0
431,250.55388471066095,583.0
432,256.70551860345336,582.0
433,221.08591135739715,443.0
434,351.9352822668223,762.0
435,249.47816095574703,553.0
436,197.30769392249772,407.0
437,229.47284114332768,439.0
438,347.8508246529718,763.0
439,240.97459983164032,537.0
440,336.3741986268099,614.0
441,269.48987055948265,521.0
442,251.15563545598326,475.0
443,181.17680376478043,404.0
444,159.29303316533387,321.0
445,176.17670125415765,321.0
446,94.07433907344065,236.0
447,298.97324919713327,556.0
448,206.62662962933223,423.0
449,267.57126171236695,551.0
450,151.336331199456,318.0
451,184.73165422017811,358.0
452,344.2434720314618,775.0
453,298.5963027391274,566.0
454,454.7662195787175,974.0
455,125.00402660557721,302.0
456,327.16139372317446,698.0
457,227.37525502342325,540.0
458,220.12556063034123,399.0
459,156.92073869950642,350.0
460,268.24734549449994,529.0
461,184.52245155209,374.0
462,153.44145081267482,335.0
463,219.98494965369392,406.0
464,184.55344499291516,366.0
465,202.7392111369802,436.0
466,466.2774449548663,870.0
467,259.30923173780127,527.0
468,200.7310826917501,406.0
469,306.6732467370063,612.0
470,253.56281712102964,491.0
471,297.99250577461277,633.0
472,231.69696734156517,528.0
473,215.00056673220797,422.0
474,251.91245407461835,460.0
475,151.7706045560774,444.0
476,126.13507292004259,317.0
477,221.99438386084103,468.0
478,334.6934909533868,807.0
479,260.1765312008255,502.0
480,195.60570847513114,393.0
481,144.10536645135707,294.0
482,264.90712150536785,461.0
483,360.80719417326475,796.0
484,233.96133282069994,410.0
485,285.26427379867596,496.0
486,211.61662629372265,478.0
487,266.8259805507676,508.0
488,227.35447662788903,449.0
489,216.6008539757003,426.0
490,138.0724967701844,357.0
491,369.00133549856423,701.0
492,208.36842568069065,439.0
493,456.9565493797121,907.0
494,237.8435723408046,449.0
495,277.4885145921896,532.0
496,333.60949258583975,567.0
497,146.6418427953636,319.0
498,196.70149124281457,445.0
499,267.42498168681163,562.0
500,202.40488616239202,434.0
501,259.33827820072764,530.0
502,498.9451905279203,1001.0
503,243.3246756697731,553.0
504,391.8245257584583,646.0
505,227.5745169163641,423.0
506,109.2298941582506,236.0
507,264.10492514726457,539.0
508,169.8453012801846,391.0
509,467.4243785036095,990.0
510,181.3340016348802,483.0
511,255.4738652529331,467.0
512,178.59952312062208,373.0
513,174.17364677580682,444.0
514,313.42657314349424,729.0
515,346.30913598972495,939.0
516,270.84284107396877,548.0
517,185.25011225113303,480.0
518,271.6748562922448,547.0
519,365.54625405190956,821.0
520,221.844401725784,487.0
521,234.71234008862714,503.0
522,228.97752705885424,479.0
523,275.0939844549424,502.0
524,254.04819758569718,484.0
525,400.79351815447234,808.0
526,143.1642200921001,356.0
527,342.0339882483033,642.0
528,294.1722935729843,554.0
529,282.16036888064286,478.0
530,236.7189820783182,480.0
531,114.72515265126205,338.0
532,178.1123132907293,326.0
533,205.20211999385396,373.0
534,217.22051674405867,400.0
535,271.05356883681367,487.0
536,235.14994441606066,403.0
537,461.7782382038505,989.0
538,245.01409513319635,417.0
539,391.0940381143946,945.0
540,271.77619591953413,524.0
541,139.83968680705627,340.0
542,193.381224465148,430.0
543,255.0950721257874,573.0
544,185.03053077613694,403.0
545,397.4414807671018,744.0
546,179.48023504219606,398.0
547,352.6396146366504,796.0
548,234.54692955912725,541.0
549,149.16153008568844,276.0
550,237.11497449909774,466.0
551,198.65836986551346,412.0
552,258.1346202394763,446.0
553,186.9535158407712,323.0
554,277.0403265878973,531.0
555,247.4176846182062,496.0
556,304.71833711533213,611.0
557,325.0050988277146,611.0
558,355.98704991017075,711.0
559,250.31870753706394,496.0
560,236.50536717380643,419.0
561,330.16398734017326,664.0
562,162.96853724301232,315.0
563,246.49004219889054,459.0
564,154.7265264970508,332.0
565,354.62821464005793,658.0
566,294.01302364555653,626.0
567,120.22596132954827,245.0
568,207.83350348496862,424.0
569,200.28824187233815,448.0
570,218.62472791315852,418.0
571,231.9157275100238,414.0
572,389.1727285182321,698.0
573,391.5120621313429,679.0
574,229.79117429350893,447.0
575,229.70784853588398,435.0
576,371.3720627485908,706.0
577,327.4633911273857,588.0
578,192.82115344991414,389.0
579,406.5268735376153,756.0
580,295.98578993342267,481.0
581,249.87481263095705,555.0
582,150.62901883373314,370.0
583,226.82485785600764,435.0
584,403.20463692371976,821.0
585,217.54346873321663,423.0
586,333.5820339575441,581.0
587,305.52723697982526,742.0
588,356.47535888638,646.0
589,544.9174091105183,1001.0
590,316.07399128108233,650.0
591,209.35271648057994,380.0
592,168.86958878265781,386.0
593,162.94297423840447,382.0
594,183.0737124586918,357.0
595,198.95573932339127,393.0
596,160.47544150701847,324.0
597,420.1406780629885,725.0
598,172.86807716965882,359.0
599,247.1072413309356,490.0
600,170.18012340249652,445.0
601,250.9720773239564,427.0
602,363.93296969362024,649.0
603,255.8387222087412,516.0
604,223.560486921077,422.0
605,196.3055205254005,429.0
606,414.57857861593857,847.0
607,210.21134697679176,390.0
608,257.3355011506144,456.0
609,146.61509809447477,371.0
610,132.43701929512545,296.0
611,251.81639889666073,492.0
612,309.6158766736674,654.0
613,213.47705501142354,382.0
614,153.89955691181984,281.0
615,321.0970169494611,696.0
616,344.88123475611934,588.0
617,157.99564516571996,380.0
618,205.99430365529707,366.0
619,401.3280192423718,841.0
620,260.50548107009865,492.0
621,479.5718118427678,1001.0
622,134.6620887626471,329.0
623,170.7364519893964,309.0
624,368.6022227366865,644.0
625,469.6439578193279,817.0
626,207.38187032917205,366.0
627,355.34077106446074,648.0
628,394.62050888339337,649.0
629,268.25608533042845,665.0
630,242.29871970173906,490.0
631,308.0181827999799,614.0
632,237.27907956913415,447.0
633,495.79400294395475,908.0
634,411.0074553471387,837.0
635,204.4130682794102,426.0
636,324.17790202842923,611.0
637,213.2883915253808,405.0
638,257.03793781449735,606.0
639,191.6413747922181,464.0
640,299.8517383599376,577.0
641,231.34147872014032,443.0
642,379.86038704493996,792.0
643,380.34586585555587,721.0
644,248.23823478695513,473.0
645,460.4791626870755,1001.0
646,375.19576799809715,644.0
647,250.20284583078313,490.0
648,419.6504410734677,856.0
649,148.30347703314226,290.0
650,188.5743608380093,421.0
651,284.6955963270033,757.0
652,480.4086738502692,1001.0
653,243.55724662092607,542.0
654,203.49735821477475,415.0
655,198.57948363013958,372.0
656,268.88157524730934,467.0
657,137.33661554304055,262.0
658,172.04338721994074,384.0
659,289.0951773620041,534.0
660,226.35180438564007,391.0
661,155.43345220307214,327.0
662,320.89296822468657,649.0
663,218.46407195845623,418.0
664,368.6616971987009,821.0
665,154.27851673379234,367.0
666,517.0464045146458,1001.0
667,330.4146656794705,579.0
668,146.20033466240952,304.0
669,145.03728833932945,332.0
670,266.63107192280455,539.0
671,331.30367067206834,542.0
672,143.20809334108336,347.0
673,266.58134359639564,640.0
674,295.04143889765595,504.0
675,350.3942153060542,952.0
676,226.84601270389882,392.0
677,249.98507669936666,451.0
678,229.5596225555813,465.0
679,168.65508497438464,364.0
680,413.75213079046716,781.0
681,526.2669105383089,999.0
682,191.7123529738632,459.0
683,319.007433192905,588.0
684,182.63201624239878,366.0
685,254.76378433020926,464.0
686,167.79748736088445,323.0
687,480.0517696035005,1001.0
688,414.05310340948273,973.0
689,252.97519343823697,533.0
690,246.81191264638653,450.0
691,268.98733817083195,437.0
692,451.0439129800366,846.0
693,233.91304952022605,417.0
694,236.83402282607634,416.0
695,256.27734103472943,446.0
696,297.5090631374753,511.0
697,175.5827469687382,367.0
698,198.7443966890637,384.0
699,423.22188305381724,778.0
700,278.1034467959667,555.0
701,355.7546615451291,777.0
702,245.17107463737526,469.0
703,210.33207330297114,370.0
704,514.474122947092,1001.0
705,227.75790092054555,520.0
706,160.48040448614321,345.0
707,283.04085780005454,483.0
708,283.2753076767727,530.0
709,399.76708384039557,755.0
710,123.4707433952524,312.0
711,265.45342464977176,562.0
712,341.74698501407556,682.0
713,399.824837658138,786.0
714,288.5081971727136,501.0
715,297.414949573069,540.0
716,338.75295821540857,615.0
717,193.06879922189304,421.0
718,314.27798876560826,502.0
719,362.9180599954432,635.0
720,308.03867505288514,771.0
721,231.2207533527178,406.0
722,198.1319666727514,362.0
723,419.5130936450798,883.0
724,250.41495651128994,466.0
725,246.60679628176462,498.0
726,269.1862425853056,525.0
727,115.32453513937006,281.0
728,96.91338434703358,250.0
729,187.38778189736155,376.0
730,185.95945355770863,385.0
731,222.25822090714692,486.0
732,221.39683815424036,498.0
733,210.38727439069623,410.0
734,224.16681028568522,396.0
735,278.92202174249104,561.0
736,243.18378708041243,497.0
737,449.27154864848245,864.0
738,267.46078781386416,563.0
739,230.69110346832127,507.0
740,185.54510077169198,403.0
741,287.690928011797,525.0
742,317.56177055518145,659.0
743,262.3637242870155,449.0
744,164.11672235781413,339.0
745,201.9136871657595,564.0
746,353.957591054662,696.0
747,210.1458578844881,429.0
748,257.55250335723866,503.0
749,273.23873027086495,539.0
750,236.1561968105849,422.0
751,184.81495952335933,420.0
752,242.3642596912293,386.0
753,190.28832364246057,387.0
754,280.74065780857757,658.0
755,178.13019592413912,404.0
756,193.88871793847707,380.0
757,151.80572860387613,303.0
758,231.82664183681132,461.0
759,217.98853993092413,397.0
760,181.99277935238965,378.0
761,380.4921368720215,705.0
762,178.3457046127427,395.0
763,152.27236805646118,307.0
764,156.20407702441722,331.0
765,306.19193876884185,624.0
766,241.1697300327174,669.0
767,241.97782311953407,481.0
768,258.1977514396767,422.0
769,171.1617314220325,338.0
770,137.18030814327844,314.0
771,228.5247337387603,458.0
772,409.65698868759335,950.0
773,288.57552926699594,710.0
774,213.41653503285838,480.0
775,247.7452605769833,427.0
776,291.6544049238663,610.0
777,290.4581349163659,629.0
778,245.21291939108542,456.0
779,233.49556707246322,508.0
780,192.3407062362735,361.0
781,263.7817892752734,456.0
782,254.1816713762203,569.0
783,141.58138056176585,321.0
784,232.52271781683845,502.0
785,288.7141322332432,541.0
786,308.7746562067029,560.0
787,236.80668654380963,480.0
788,169.953935638069,337.0
789,254.64686017806287,412.0
790,251.2314671776173,585.0
791,203.51206510740556,413.0
792,370.10075063082985,882.0
793,133.4547928005504,293.0
794,301.9555440117389,669.0
795,247.26222458157136,593.0
796,281.25831574405856,481.0
797,215.76703742672169,415.0
798,225.467054307046,417.0
799,190.8166753689553,455.0
800,199.31176406766392,403.0
801,116.60247934122987,245.0
802,142.320607875031,304.0
803,280.2037828678576,492.0
804,167.07683230860883,343.0
805,175.7665184193421,346.0
806,314.3358307356927,708.0
807,126.15842076672068,278.0
808,200.80067186745632,350.0
809,257.45995009789436,474.0
810,303.543648163768,666.0
811,259.1749757430166,453.0
812,387.9231420813748,858.0
813,389.1801245316299,814.0
814,227.45208604341468,401.0
815,243.72724462534515,521.0
816,222.71026390126045,466.0
817,225.11371339288524,404.0
818,236.49147899011427,447.0
819,175.86166618840548,304.0
820,272.19199604117455,520.0
821,287.54962693034736,722.0
822,431.63290719054964,1001.0
823,260.8738844487967,599.0
824,273.96095080129464,523.0
825,174.55718147569587,332.0
826,266.15371077557694,607.0
827,208.86699284230136,405.0
828,262.1225550315854,456.0
829,405.8857244052935,782.0
830,286.3951773930538,666.0
831,303.62318176187335,573.0
832,336.89289585033146,692.0
833,263.75698121434584,574.0
834,198.09470917232454,476.0
835,350.44631484165586,828.0
836,187.87244636312607,411.0
837,169.4726001467019,393.0
838,228.4341662831028,383.0
839,327.56176576053844,665.0
840,161.4533111507571,362.0
841,184.00017546485603,371.0
842,186.62408772439605,340.0
843,210.07147371636538,369.0
844,324.2509821785922,533.0
845,225.1789508646007,440.0
846,250.76689034632977,614.0
847,225.83380402510443,386.0
848,184.474875570506,357.0
849,125.79596629962595,311.0
850,351.57855839657816,747.0
851,258.91824532246284,649.0
852,354.00379561358767,827.0
853,226.9011764928832,566.0
854,202.46069620890944,366.0
855,265.54138387038967,526.0
856,163.6687411049232,311.0
857,291.24255823119097,601.0
858,242.062941623709,409.0
859,204.28369343940253,397.0
860,267.1450851512133,454.0
861,225.5838491772493,449.0
862,189.16443487110107,372.0
863,303.67345238836265,605.0
864,293.1198002005241,486.0
865,158.1729371478517,325.0
866,226.83369631172718,396.0
867,202.5676560247599,450.0
868,147.48250794388557,339.0
869,350.75549558225396,605.0
870,234.6352612440886,533.0
871,203.53424706611247,377.0
872,465.7264972516124,888.0
873,145.123203703847,310.0
874,411.3287853510438,823.0
875,221.72068582436086,449.0
876,313.7735806424634,607.0
877,190.2421684125737,413.0
878,221.97338777070405,431.0
879,228.73089374917478,490.0
880,225.2151322883027,492.0
881,247.2396403740179,472.0
882,257.7188003237989,413.0
883,179.46745539138598,365.0
884,238.60913393395953,437.0
885,232.4282452942462,431.0
886,180.63899882260415,310.0
887,259.1220208917251,483.0
888,169.8893513997859,362.0
889,245.55149949750898,404.0
890,385.93012685656623,716.0
891,314.83278203788274,507.0
892,241.13998200369784,469.0
893,254.26533972423996,557.0
894,250.7495537194686,504.0
895,266.0594485616551,585.0
896,406.04807042266424,789.0
897,210.21894369186245,369.0
898,265.81046607054196,479.0
899,256.95172074214594,606.0
900,195.71090539914567,363.0
901,381.384290428922,787.0
902,207.7948152432744,397.0
903,229.6309863331689,393.0
904,364.1063032487961,570.0
905,257.4202878649478,427.0
906,275.946437505415,513.0
907,299.65769712364624,621.0
908,213.7326125119582,396.0
909,319.77658822882466,678.0
910,289.6949696102532,528.0
911,176.62364957581485,366.0
912,240.71284798697891,461.0
913,235.8006869188494,429.0
914,373.64379354899455,897.0
915,353.1137645336789,868.0
916,217.39463253626548,391.0
917,438.2205947540046,805.0
918,335.87469608980194,577.0
919,360.7016477934903,610.0
920,188.2842336689882,416.0
921,117.13716752336457,297.0
922,208.01842834445546,395.0
923,367.62415972190655,811.0
924,211.6121865111218,443.0
925,402.1117871741348,795.0
926,213.39347691481697,405.0
927,135.62832353091812,281.0
928,384.3198119688462,1001.0
929,166.36508831238086,306.0
930,131.02475047714393,286.0
931,251.42769163141426,465.0
932,262.26395013436314,437.0
933,178.87583122067272,345.0
934,233.4820796198882,477.0
935,205.7435154919891,376.0
936,366.33858435461406,609.0
937,175.70466934343298,422.0
938,164.30169562063355,330.0
939,194.97027058148302,446.0
940,301.5579127134947,602.0
941,453.07100881333383,886.0
942,192.09600177409237,406.0
943,244.57783093773858,581.0
944,406.12786901922175,878.0
945,241.77851369285213,478.0
946,258.82950918694354,528.0
947,215.83586806574303,515.0
948,179.27740789591635,419.0
949,461.3547305437193,748.0
950,152.42696957254134,346.0
951,348.0764664070244,577.0
952,265.7554224652867,515.0
953,174.18052093424174,354.0
954,152.73756344385734,309.0
955,205.22341369521908,462.0
956,252.31246561262546,421.0
957,245.6116799969681,435.0
958,282.87034012396595,784.0
959,154.64847735701912,329.0
960,189.73024118434938,399.0
961,191.6442981363741,384.0
962,199.8586954644752,366.0
963,274.0020905991812,509.0
964,167.36978631695715,323.0
965,243.82292299401144,504.0
966,222.28129337499345,462.0
967,341.4000498988995,612.0
968,243.7949373992301,511.0
969,234.38963388264997,438.0
970,212.29658377643008,438.0
971,243.2175716771951,496.0
972,152.01114195321043,320.0
973,267.7957539738068,678.0
974,318.61311450512534,527.0
975,236.61816511135228,462.0
976,248.77210847164406,506.0
977,237.1178375943726,473.0
978,297.29162365733373,664.0
979,241.2140680373093,435.0
980,149.7899208481872,306.0
981,197.7591631962477,405.0
982,245.5950458592272,413.0
983,429.25816484687755,808.0
984,135.3319423985465,341.0
985,409.4239799337476,804.0
986,197.7025674644575,451.0
987,428.6378323206653,901.0
988,195.46614197940966,416.0
989,302.47559787729915,654.0
990,168.71982362772522,370.0
991,273.6413071542274,670.0
992,143.95983418555903,293.0
993,242.3579597853107,493.0
994,197.44941019025848,433.0
995,309.1813368561572,513.0
996,145.79679142159475,321.0
997,276.85022158170693,496.0
998,208.80154024376262,389.0
999,126.53450073344044,316.0
1000,161.82666334509744,358.0
1001,165.51960126484227,354.0
1002,181.39643534863936,361.0
1003,241.85128046580894,491.0
1004,323.770553491987,781.0
1005,254.07974694194294,476.0
1006,245.12228681298606,447.0
1007,303.4527467026359,491.0
1008,274.9599536419203,473.0
1009,216.76666903777343,419.0
1010,220.05478326572953,488.0
1011,341.4305689089126,619.0
1012,210.2330967921894,470.0
1013,263.3568006525531,521.0
1014,229.00938194108795,455.0
1015,351.527446218641,726.0
1016,144.4179730584108,285.0
1017,302.88920153415637,493.0
1018,342.2594707532495,642.0
1019,217.63547036464286,405.0
1020,131.07666269437516,287.0
1021,235.26453095633045,395.0
1022,176.62396680068375,376.0
1023,162.35704424928366,344.0
1024,184.79388771292173,336.0
1025,356.89806519624705,679.0
1026,302.5210995863265,636.0
1027,430.60436291571347,774.0
1028,264.40589555339386,496.0
1029,274.5026681153015,620.0
1030,531.9203561456445,1001.0
1031,298.7508610175574,589.0
1032,219.45975664429525,454.0
1033,164.18405908881874,420.0
1034,217.7140528274236,399.0
1035,169.07365147841702,303.0
1036,190.6385543727655,369.0
1037,208.6667604928609,386.0
1038,271.8300250090938,441.0
1039,243.95715256791678,534.0
1040,171.73521333643268,366.0
1041,349.55248478793595,643.0
1042,265.7376967429227,510.0
1043,267.1840868429377,463.0
1044,218.29201284950284,356.0
1045,276.4484143351542,488.0
1046,341.50746953028556,599.0
1047,245.90684612445014,422.0
1048,104.87156520633613,271.0
1049,332.4396002491985,608.0
1050,359.8220283246069,616.0
1051,241.06238740968138,446.0
1052,180.97632431581627,347.0
1053,136.22348677653906,335.0
1054,249.44627219535823,502.0
1055,177.52466414776575,323.0
1056,254.02399227680678,489.0
1057,299.2864560849617,615.0
1058,235.56120277682163,434.0
1059,382.4528448120802,705.0
1060,333.20637034702816,885.0
1061,238.8860477353805,467.0
1062,112.37732510758019,277.0
1063,211.89271865851816,373.0
1064,381.8813360418588,693.0
1065,167.41111471956845,384.0
1066,194.49555125063713,342.0
1067,225.30921306579268,462.0
1068,305.31345426945467,553.0
1069,275.70904252394445,510.0
1070,336.6618900687534,570.0
1071,338.72249881032036,762.0
1072,226.90891631393237,525.0
1073,360.48459971027944,686.0
1074,172.2460018554543,378.0
1075,340.2104908656822,646.0
1076,111.10286302747068,314.0
1077,435.5781097563096,787.0
1078,404.1806201862871,876.0
1079,235.0541655826421,468.0
1080,250.5734255119453,440.0
1081,229.10499770995835,435.0
1082,450.72200282998847,910.0
1083,306.63847932882317,534.0
1084,201.08192863689996,432.0
1085,185.8954348331522,341.0
1086,271.95288248234436,508.0
1087,190.05032059614922,346.0
1088,384.77618570381026,884.0
1089,155.73886284659747,404.0
1090,353.210510868789,673.0
1091,260.51777977540553,612.0
1092,228.03781180082976,542.0
1093,328.98346070222146,691.0
1094,413.07702231146806,857.0
1095,260.2337732391869,492.0
1096,315.7792189612087,600.0
1097,231.1867066353895,409.0
1098,173.91935186218214,397.0
1099,218.68837354662696,416.0
1100,418.43152499204115,836.0
1101,207.09801191623114,372.0
1102,158.31396773805005,331.0
1103,308.5988719083015,710.0
1104,189.4545294916352,489.0
1105,167.34448529388703,400.0
1106,147.0551502565394,283.0
1107,201.43863012178969,466.0
1108,166.9118827646353,321.0
1109,206.39827735478121,436.0
1110,257.466355346848,446.0
1111,128.35253749460335,336.0
1112,263.7673191271073,585.0
1113,412.9554566798454,789.0
1114,283.1132994705696,470.0
1115,208.5030250669024,415.0
1116,256.0725132590879,625.0
1117,315.0180813624546,511.0
1118,343.4492214110851,594.0
1119,144.3549103055748,339.0
1120,378.2397070137521,753.0
1121,330.3815102516124,684.0
1122,198.31527461322125,415.0
1123,261.97549264632687,534.0
1124,246.4044090554604,465.0
1125,177.25017064714942,396.0
1126,119.58866437454624,247.0
1127,311.3842711024407,654.0
1128,249.15613438081385,463.0
1129,349.93048797356306,582.0
1130,222.83975931875543,403.0
1131,206.03068718724978,404.0
1132,250.97622527801616,401.0
1133,245.29866307640842,479.0
1134,141.80359345319715,301.0
1135,297.45930510172263,560.0
1136,177.37072006017803,413.0
1137,234.8192327754006,453.0
1138,163.00205322054111,372.0
1139,211.27248638786216,362.0
1140,125.82419236409719,298.0
1141,427.7727115369834,863.0
1142,316.20409806916814,522.0
1143,237.55260416919333,476.0
1144,220.05456484721597,379.0
1145,435.00305938025286,859.0
1146,179.67181846167125,369.0
1147,369.9632946049607,707.0
1148,178.7621679046794,476.0
1149,476.4482927395411,847.0
1150,122.25549988337778,293.0
1151,259.40812412825755,558.0
1152,406.6253974549321,777.0
1153,349.19783058330086,907.0
1154,252.8566000826721,553.0
1155,325.83861769769936,641.0
1156,117.23397292543774,304.0
1157,256.8153646766105,450.0
1158,263.7658507504166,604.0
1159,346.80430171419584,694.0
1160,343.68252508622214,769.0
1161,289.3735486867264,571.0
1162,331.86237405235346,603.0
1163,299.99573637036,466.0
1164,284.3907349566832,621.0
1165,250.3110275100631,428.0
1166,278.9254923884221,509.0
1167,239.28913166354673,592.0
1168,300.28728788779085,510.0
1169,375.9898949648718,810.0
1170,222.8012580340473,409.0
1171,295.23735915663116,488.0
1172,370.6896060952999,673.0
1173,396.7402524311208,729.0
1174,288.7094083357113,544.0
1175,352.073371747397,694.0
1176,393.17631211625405,854.0
1177,258.008855731451,542.0
1178,273.15583507013935,435.0
1179,210.7449396276297,410.0
1180,249.45539330857048,426.0
1181,330.48829086062506,593.0
1182,375.6029124695594,716.0
1183,233.69955559937307,441.0
1184,254.20018323314238,421.0
1185,313.7835497773199,553.0
1186,280.50233640465825,541.0
1187,139.73620635439278,292.0
1188,135.87955809401194,326.0
1189,109.39647752822174,252.0
1190,370.4326372786966,687.0
1191,261.6245497498075,474.0
1192,257.4338684200711,417.0
1193,242.82674215494006,444.0
1194,175.1705702937331,355.0
1195,432.945493573717,898.0
1196,435.85738304068286,796.0
1197,334.32738811816665,720.0
1198,421.5785669200218,938.0
1199,398.54135658782565,690.0
1200,193.41372316930114,338.0
1201,412.2536888060223,823.0
1202,238.50157953448402,490.0
1203,196.4646598060392,413.0
1204,255.61229410109252,555.0
1205,230.22456703306418,515.0
1206,321.3438954208219,589.0
1207,271.35886384549224,556.0
1208,183.16141199095455,392.0
1209,445.5826360598425,1001.0
1210,158.90132156999445,270.0
1211,168.87097767480182,353.0
1212,210.03145394014163,450.0
1213,234.80606513450672,462.0
1214,350.1739450859913,742.0
1215,152.0643391824126,373.0
1216,354.2905291007965,615.0
1217,417.53113290852644,703.0
1218,226.2541060495295,488.0
1219,183.2409656658377,333.0
1220,349.90338704925995,700.0
1221,242.40026693013817,494.0
1222,432.5790250711733,964.0
1223,265.77908306773236,541.0
1224,162.3592052503982,427.0
1225,137.78312054632104,346.0
1226,392.0917157599175,704.0
1227,334.75907887736855,675.0
1228,459.1320925251025,872.0
1229,249.66963500852773,460.0
1230,211.36293950032734,415.0
1231,111.49622252093629,267.0
1232,264.8695754855256,530.0
1233,248.47447461098895,509.0
1234,338.4838791678253,643.0
1235,278.84179940378164,647.0
1236,432.2585614984288,736.0
1237,263.85272227538076,467.0
1238,305.8710121074052,621.0
1239,294.2040854939577,527.0
1240,426.5450991113365,913.0
1241,141.1018928585209,342.0
1242,288.0193946316266,543.0
1243,317.9174402726691,684.0
1244,407.11995506484993,953.0
1245,354.958075953584,850.0
1246,225.44766805363528,378.0
1247,345.9355530476733,623.0
1248,99.65755499990394,246.0
1249,340.74558598250826,651.0
1250,329.4544794397879,729.0
1251,198.58098935260324,384.0
1252,338.2015776992256,752.0
1253,290.0731806571975,571.0
1254,289.93198162512374,547.0
1255,226.44582868444334,432.0
1256,302.24088425920723,607.0
1257,138.60291833601983,333.0
1258,368.24100607096676,637.0
1259,190.02325755826658,352.0
1260,224.67219967283486,449.0
1261,319.7526722782599,620.0
1262,242.36007447353185,507.0
1263,230.91308568376962,507.0
1264,280.37845687516983,485.0
1265,418.1101491727321,788.0
1266,351.8343425144122,611.0
1267,378.45004639806376,721.0
1268,503.74145504827385,937.0
1269,355.77834020832506,701.0
1270,294.0623153308435,501.0
1271,216.6741359079392,467.0
1272,323.6109152974461,623.0
1273,167.52747626399824,431.0
1274,337.54942879118533,580.0
1275,368.855251779464,673.0
1276,188.80626735500996,430.0
1277,445.12328068296137,866.0
1278,346.8984255707694,600.0
1279,327.8438610873769,681.0
1280,205.44938220395605,426.0
1281,306.5284893550798,701.0
1282,437.6122149864931,841.0
1283,146.87762963320125,390.0
1284,148.2123002985115,386.0
1285,187.85195276181764,352.0
1286,438.2322928393979,876.0
1287,391.13805707112544,650.0
1288,253.6080359944325,420.0
1289,399.25420347392185,733.0
1290,319.3337503995413,608.0
1291,134.0246415291418,306.0
1292,129.15475633711543,333.0
1293,531.7081024477384,972.0
1294,277.41888597083965,501.0
1295,330.8829019792934,664.0
1296,321.9269604132755,707.0
1297,314.54412579461507,541.0
1298,346.9691965432442,731.0
1299,152.4994398342881,330.0
1300,414.3616662880578,745.0
1301,327.9612492353143,682.0
1302,136.6863437984994,344.0
1303,345.3041532599656,575.0
1304,288.1212484036248,549.0
1305,283.27204193558606,550.0
1306,276.0152193492618,497.0
1307,196.8200547159943,390.0
1308,147.7642219263943,309.0
1309,266.63219290090103,510.0
1310,285.83124981539856,585.0
1311,291.84627679682217,614.0
1312,353.86441446731124,710.0
1313,259.6844707810088,551.0
1314,265.1925194912778,427.0
1315,251.81281441207878,432.0
1316,347.3664713742758,687.0
1317,247.3720561918066,488.0
1318,165.06933157038688,331.0
1319,335.3787538200577,545.0
1320,126.06594631482923,334.0
1321,237.7937411105534,475.0
1322,260.5459888572126,475.0
1323,229.2211144579555,393.0
1324,280.2047206775904,515.0
1325,325.8525358085179,685.0
1326,157.8412586695697,387.0
1327,280.72105360745195,616.0
1328,295.5893168331092,671.0
1329,230.06604225957307,459.0
1330,298.8842964736083,591.0
1331,187.35967216051094,393.0
1332,301.4744155055723,563.0
1333,425.16376133500813,814.0
1334,185.53790267313482,355.0
1335,207.7106517954496,392.0
1336,353.8407672400532,651.0
1337,165.44053219302683,386.0
1338,248.79850839557005,514.0
1339,234.19264232307196,415.0
1340,209.8992406557148,469.0
1341,358.5829899695662,624.0
1342,263.809073829384,556.0
1343,343.3163765736671,664.0
1344,188.96963176498474,386.0
1345,187.6975503807127,412.0
1346,524.2307964482935,1001.0
1347,422.56356770279206,816.0
1348,280.6900062342854,645.0
1349,242.222730801405,460.0
1350,438.577735088663,829.0
1351,332.43869642674616,677.0
1352,254.461783049373,551.0
1353,244.89073757302356,574.0
1354,120.81688515990291,293.0
1355,267.58353498570455,466.0
1356,251.68760558871753,594.0
1357,209.99608071978207,437.0
1358,252.03151068972534,440.0
1359,276.16388756465386,576.0
1360,219.6670994005622,390.0
1361,342.13746261182393,614.0
1362,178.37178164979744,352.0
1363,274.53294122975086,501.0
1364,144.048670647639,348.0
1365,296.6081227440759,653.0
1366,325.2359089901332,609.0
1367,379.2614050834583,941.0
1368,251.88593883364933,456.0
1369,203.79523871882517,415.0
1370,231.45003177088438,454.0
1371,259.22834138188847,485.0
1372,328.7857962139556,673.0
1373,220.38215020267324,411.0
1374,239.58381275476503,585.0
1375,353.49488583791873,739.0
1376,532.5398213982428,1001.0
1377,446.3317182130359,889.0
1378,399.66362674704067,794.0
1379,284.3729358041228,530.0
1380,374.4530953717524,751.0
1381,267.64280288086366,511.0
1382,182.7952991234365,369.0
1383,396.6093584912785,823.0
1384,232.21878564884213,512.0
1385,242.1092955443418,537.0
1386,447.2439515584354,843.0
1387,297.9505045207313,572.0
1388,232.24626423806896,429.0
1389,360.9905885185557,802.0
1390,377.47084051917227,715.0
1391,312.01712176877083,569.0
1392,180.51105686888394,376.0
1393,162.72673869525224,348.0
1394,122.78458895347309,290.0
1395,232.22579022377948,491.0
1396,282.6997443549562,505.0
1397,418.54877059745587,861.0
1398,316.7680079966723,550.0
1399,359.27924480803426,801.0
1400,300.95423514405854,650.0
1401,396.05560244950163,850.0
1402,300.0674267215071,602.0
1403,245.15026675480914,456.0
1404,461.3532981465653,1001.0
1405,384.37928219983223,766.0
1406,280.72086328365833,615.0
1407,306.8648925380454,584.0
1408,125.2457203772878,283.0
1409,231.6129054598014,408.0
1410,149.16068236345146,351.0
1411,310.5288001336365,587.0
1412,148.53937919747005,347.0
1413,322.2165388866804,644.0
1414,226.59684649171282,415.0
1415,343.8099533915003,682.0
1416,261.3769835841816,426.0
1417,319.4068257144717,586.0
1418,506.7929283015363,1001.0
1419,360.8687226295856,662.0
1420,214.8693023986978,507.0
1421,376.24300843861835,670.0
1422,225.94390116519392,441.0
1423,292.2511287396958,617.0
1424,190.7372216572447,381.0
1425,251.11874806843468,476.0
1426,303.4074861332374,555.0
1427,282.3991249781194,539.0
1428,293.19381409652476,628.0
1429,302.636079052276,523.0
1430,357.739939510712,622.0
1431,255.737584973945,575.0
1432,363.8379506384943,677.0
1433,122.85946737113547,271.0
1434,345.7750944052752,622.0
1435,334.70379348690903,668.0
1436,398.4511823270592,711.0
1437,353.831512398505,676.0
1438,451.60285518892886,804.0
1439,160.88656816103727,356.0
1440,253.7375896038646,421.0
1441,479.1233332497554,873.0
1442,230.20627355717417,382.0
1443,200.6632215647681,411.0
1444,304.42470143848413,534.0
1445,339.1588319339564,625.0
1446,391.12980929923015,739.0
1447,395.85301477697436,787.0
1448,411.2743520785861,815.0
1449,174.48254101352765,346.0
1450,335.0760351301533,511.0
1451,219.12052072398288,424.0
1452,229.0193362703085,403.0
1453,318.152058528367,592.0
1454,336.6868319073655,676.0
1455,108.65403166042861,259.0
1456,279.29590274725865,525.0
1457,193.5162522545671,379.0
1458,380.00822626827033,654.0
1459,173.7035484650886,392.0
1460,332.50442258611986,696.0
1461,177.1345842804515,322.0
1462,236.30671393200564,416.0
1463,337.1500056362087,616.0
1464,342.27476122936173,667.0
1465,359.9662363038821,657.0
1466,272.42209871982794,532.0
1467,186.52177549390234,420.0
1468,230.9780405485336,549.0
1469,299.33226127467606,561.0
1470,343.8076315493865,660.0
1471,410.27817272389194,717.0
1472,234.68300577002051,429.0
1473,259.4263426413849,462.0
1474,228.63971576210628,525.0
1475,207.90278566889677,388.0
1476,369.171325242643,628.0
1477,266.6582437179589,486.0
1478,319.2816660636545,513.0
1479,484.7699963205004,1001.0
1480,191.14789038649613,400.0
1481,317.66570866031316,538.0
1482,319.00003265287364,540.0
1483,495.50894289734237,1001.0
1484,328.34449983931376,676.0
1485,491.64885715096375,912.0
1486,306.93462599400146,534.0
1487,225.08727881189824,452.0
1488,184.15172219646283,400.0
1489,117.08806156139686,265.0
1490,223.4491483465579,426.0
1491,281.38028177622715,503.0
1492,195.97167209849047,408.0
1493,241.433833916703,483.0
1494,344.109460339406,585.0
1495,291.8014579576742,511.0
1496,239.4532239331732,403.0
1497,291.7833500483564,595.0
1498,364.5162522693856,613.0
1499,485.4854932683326,992.0
1500,231.77481158244925,423.0
1501,168.5518488115977,372.0
1502,296.7530020030451,515.0
1503,384.9718270053048,696.0
1504,230.51121576934213,449.0
1505,311.7336275083973,653.0
1506,274.2975054375722,535.0
1507,160.22245233992967,344.0
1508,282.8874615169251,552.0
1509,243.78396065076862,420.0
1510,337.3206975482032,643.0
1511,235.4023278638454,400.0
1512,248.5975795364603,480.0
1513,244.72218862078861,467.0
1514,278.23240757304796,607.0
1515,162.2743018669892,344.0
1516,129.47356804352114,279.0
1517,328.33711846369357,613.0
1518,340.0085240133609,569.0
1519,190.31357105310573,343.0
1520,274.1112784750779,532.0
1521,188.05292985668467,400.0
1522,344.74979786046697,650.0
1523,246.19372790373916,441.0
1524,262.51815498338743,464.0
1525,174.387038749524,378.0
1526,284.63091453413614,499.0
1527,132.05140902151714,329.0
1528,371.3659947190514,779.0
1529,159.53315821167612,402.0
1530,358.98933008731706,686.0
1531,311.66853108070484,732.0
1532,275.83650900040885,573.0
1533,406.4759162782611,712.0
1534,225.25379083062603,371.0
1535,301.5210494439692,545.0
1536,287.21003267631863,547.0
1537,247.14186191486374,499.0
1538,267.762789808754,481.0
1539,193.3951329917947,354.0
1540,243.66477239140548,565.0
1541,430.4479162266409,848.0
1542,221.60826488242947,483.0
1543,320.23303258163673,640.0
1544,170.0364196185321,387.0
1545,218.59669844260196,449.0
1546,304.5696404094997,577.0
1547,195.95463566370887,400.0
1548,173.8007908372789,412.0
1549,291.9833943488911,606.0
1550,300.1963205786076,598.0
1551,172.79971861228745,353.0
1552,325.7659190059743,648.0
1553,307.28485042262514,631.0
1554,343.38297332609807,668.0
1555,327.0887073057547,618.0
1556,199.00692110831582,341.0
1557,432.5683957572787,1001.0
1558,178.26627800462487,405.0
1559,270.362287673611,481.0
1560,116.0944695939918,327.0
1561,394.67913146159776,668.0
1562,287.4270955930816,495.0
1563,272.27067568811395,482.0
1564,113.37853410204794,263.0
1565,217.64150129469408,394.0
1566,270.4751273818459,542.0
1567,355.3911488034207,607.0
1568,162.08725866588512,372.0
1569,265.0857639654875,587.0
1570,165.44337584997822,380.0
1571,412.5483205540327,742.0
1572,274.35268712236535,513.0
1573,324.75147802625037,579.0
1574,195.54559245194045,457.0
1575,273.3211239469021,521.0
1576,382.9008069717551,896.0
1577,245.0610111713999,449.0
1578,231.50799126550538,407.0
1579,345.3810836216379,606.0
1580,323.88651146935115,635.0
1581,187.35577271208743,382.0
1582,356.47124314083055,722.0
1583,298.0837917358377,545.0
1584,130.2421580242011,248.0
1585,292.49353144444626,482.0
1586,257.23789217621106,446.0
1587,309.68747978660105,643.0
1588,129.45777620473837,302.0
1589,187.71348050922074,356.0
1590,263.5646075752854,505.0
1591,369.8740787137737,792.0
1592,299.0391742899684,566.0
1593,399.957152635895,695.0
1594,315.6112946665761,602.0
1595,250.02948348132838,550.0
1596,253.7575704368584,517.0
1597,172.65594183104022,335.0
1598,223.75195960556846,426.0
1599,272.6751352704197,537.0
1600,273.58013559089676,557.0
1601,397.2722789707643,849.0
1602,304.1207597080181,538.0
1603,426.94889545426395,981.0
1604,278.92721237949945,567.0
1605,311.5393938462855,587.0
1606,272.6221789417518,537.0
1607,181.75182298711815,395.0
1608,249.94681877166357,464.0
1609,125.89460851989516,322.0
1610,166.82600663167784,342.0
1611,192.94735279805542,381.0
1612,110.49295984886069,296.0
1613,288.2677947339228,480.0
1614,263.4055724319323,483.0
1615,349.04018664489007,622.0
1616,234.1634635693401,461.0
1617,218.0940911028568,414.0
1618,187.05177790231775,376.0
1619,203.84962285392106,430.0
1620,308.4787004896904,578.0
1621,436.2460498518431,837.0
1622,353.81434992936227,657.0
1623,211.13673836141734,369.0
1624,219.4752708827391,372.0
1625,245.29463986498925,405.0
1626,226.61798316872103,385.0
1627,362.56985366082034,720.0
1628,232.67634648286247,426.0
1629,302.7980689459115,602.0
1630,322.8541205169823,646.0
1631,325.52811600251255,560.0
1632,205.15618863708002,412.0
1633,416.9558577908668,807.0
1634,238.4787443023537,403.0
1635,267.99437808921283,551.0
1636,216.41538680579114,378.0
1637,410.37924026223214,1001.0
1638,265.3493252882991,476.0
1639,207.83941554872018,407.0
1640,452.1466586711476,883.0
1641,197.67919760721745,350.0
1642,250.5162743150859,479.0
1643,388.9870187317113,850.0
1644,155.59944512950432,354.0
1645,174.9623616938144,341.0
1646,196.12609595686496,431.0
1647,292.98548354018936,519.0
1648,312.56311415003074,557.0
1649,302.10972775017217,508.0
1650,154.5667583422377,310.0
1651,429.24587753264643,825.0
1652,170.61086452668692,353.0
1653,272.7719260217156,462.0
1654,230.0880512374541,444.0
1655,269.59226739970615,499.0
1656,289.2931516722178,490.0
1657,348.857960853888,701.0
1658,232.4403602617022,413.0
1659,231.66783952547794,444.0
1660,298.5665487042818,560.0
1661,206.87839119571123,363.0
1662,242.1280457052658,433.0
1663,238.94215705273731,393.0
1664,294.5766833628375,642.0
1665,244.6100952119273,547.0
1666,197.56424069710022,393.0
1667,225.8941019060604,500.0
1668,282.34583088593297,509.0
1669,106.32946439579133,284.0
1670,418.63072019893673,977.0
1671,219.80425029189956,397.0
1672,281.0527656927268,517.0
1673,392.02690494906074,945.0
1674,309.1741394606452,626.0
1675,225.79317775699502,425.0
1676,209.62824100073286,385.0
1677,270.84520346451893,465.0
1678,479.52925940298667,1001.0
1679,117.67806145936153,264.0
1680,329.52280197273797,621.0
1681,271.587541126762,493.0
1682,409.43194002259895,827.0
1683,215.5798136776195,371.0
1684,278.3884280563078,505.0
1685,316.58673547964906,575.0
1686,355.388967151625,656.0
1687,271.74556143773145,635.0
1688,367.74664638982983,636.0
1689,444.11836228806135,784.0
1690,284.1189111578252,545.0
1691,334.6773524927516,604.0
1692,392.19527990283297,698.0
1693,182.2363752414753,399.0
1694,234.95258450419894,477.0
1695,194.0891282118673,434.0
1696,235.0182064990735,398.0
1697,140.7643292442132,330.0
1698,329.3212414634436,618.0
1699,372.4911125849152,641.0
1700,394.9098127048328,674.0
1701,246.21077117675645,466.0
1702,531.1842795629769,1001.0
1703,444.1747818167406,978.0
1704,208.32239375227397,437.0
1705,219.62965153804083,457.0
1706,299.440715743186,538.0
1707,380.64223976692483,641.0
1708,275.19304582128257,484.0
1709,210.83118175599395,530.0
1710,182.08285522653986,379.0
1711,255.96875703633435,533.0
1712,207.9500580009873,470.0
1713,160.9357010934708,328.0
1714,384.35686173753516,766.0
1715,316.50822997441884,620.0
1716,197.54821078506714,364.0
1717,347.4925719266721,567.0
1718,243.84793641353357,464.0
1719,215.79934057759158,398.0
1720,345.72654667818836,634.0
1721,373.42894089544023,707.0
1722,454.8738361441093,899.0
1723,309.2724284794557,567.0
1724,298.10149814476125,502.0
1725,377.26601249568586,685.0
1726,231.39469648851951,513.0
1727,353.29680187430176,673.0
1728,220.96575725143086,468.0
1729,290.23458814922134,674.0
1730,231.75484280053314,448.0
1731,256.811427445665,474.0
1732,296.59374104877315,504.0
1733,518.6137394337337,979.0
1734,260.05799573725733,651.0
1735,340.2369687540197,539.0
1736,288.3908663191428,530.0
1737,251.59538052939743,431.0
1738,284.763443612356,510.0
1739,293.7545049956765,492.0
1740,176.32697979118035,299.0
1741,301.813192274604,550.0
1742,385.9397308411663,748.0
1743,379.4412658582546,789.0
1744,444.9267685244176,824.0
1745,447.85335838513805,1001.0
1746,253.04903281231833,404.0
1747,312.93105909357513,564.0
1748,266.02554018687823,512.0
1749,351.9889261446664,732.0
1750,313.62499850902753,516.0
1751,290.32299270456895,459.0
1752,450.61804815769665,827.0
1753,280.4303609398335,582.0
1754,460.837134072596,885.0
1755,317.6488268656646,588.0
1756,235.87874212603018,518.0
1757,292.3625268733004,587.0
1758,308.6414352057454,528.0
1759,111.91172967211867,296.0
1760,372.38215297702203,704.0
1761,242.06377547076568,493.0
1762,230.81435510927835,402.0
1763,327.9130683016908,648.0
1764,293.4172469839914,468.0
1765,233.9047687891511,433.0
1766,225.5382791540574,448.0
1767,280.1325615975646,565.0
1768,244.43016944498612,570.0
1769,149.55550742752865,380.0
1770,168.82624186545766,353.0
1771,235.01390267571355,405.0
1772,276.1337773878283,556.0
1773,111.02302008812573,290.0
1774,167.0677900956236,357.0
1775,200.15383742018835,371.0
1776,374.3328666091408,744.0
1777,400.2814743179435,640.0
1778,320.9843917808216,600.0
1779,171.10618904438059,403.0
1780,238.70605572322322,584.0
1781,548.2781617198434,1001.0
1782,235.06190926099518,514.0
1783,343.47008710536306,969.0
1784,219.74622123139585,485.0
1785,153.30789396145587,321.0
1786,285.36814635596096,555.0
1787,232.27744621413845,445.0
1788,242.49548020006412,477.0
1789,185.73719576729405,357.0
1790,267.6299808555303,527.0
1791,193.95810603285236,364.0
1792,510.12256706874535,981.0
1793,245.17045562288368,449.0
1794,274.7906336176998,457.0
1795,277.0227078191807,678.0
1796,227.71369125446392,439.0
1797,381.45917723800466,730.0
1798,317.200861831222,605.0
1799,384.3577632848325,814.0
1800,489.8332478797701,927.0
1801,257.8519863974464,477.0
1802,408.23921178362474,781.0
1803,277.1101198583569,498.0
1804,318.3090586794577,521.0
1805,281.29634959469763,481.0
1806,317.4676619232358,525.0
1807,286.8969022031697,497.0
1808,402.02154273867217,888.0
1809,390.8405898085339,712.0
1810,133.5306622469154,326.0
1811,208.00677073592558,475.0
1812,306.049370659227,534.0
1813,200.73180617128048,426.0
1814,313.005086826631,656.0
1815,263.89429955024667,498.0
1816,360.61514578090544,652.0
1817,328.6949502290897,597.0
1818,396.32231468838444,763.0
1819,192.46473824738143,364.0
1820,214.91674508756398,403.0
1821,493.5713487879908,986.0
1822,254.56774131028803,461.0
1823,487.53142652226353,977.0
1824,225.0929300015014,447.0
1825,111.05817993646112,283.0
1826,158.86781393153498,360.0
1827,187.55441779787157,371.0
1828,459.06643117070513,797.0
1829,280.7700981011704,541.0
1830,314.874362231344,679.0
1831,216.3181280983306,401.0
1832,272.1757439819337,436.0
1833,224.578794090881,402.0
1834,159.58242166841944,426.0
1835,228.9732935413895,403.0
1836,405.9749318109733,770.0
1837,300.59659944396697,485.0
1838,172.9814033618389,403.0
1839,313.2381143264052,563.0
1840,373.47117862897005,734.0
1841,214.02960210130692,397.0
1842,320.0913773129265,563.0
1843,201.77982963644246,385.0
1844,406.5145028090421,778.0
1845,406.7572797914309,1001.0
1846,396.4444735582275,1001.0
1847,328.11407615682333,638.0
1848,320.6295324290683,652.0
1849,330.1253847586776,553.0
1850,510.6966804849537,1001.0
1851,330.0969227896378,605.0
1852,285.8908057426883,560.0
1853,459.1238649381645,894.0
1854,219.44491843250356,557.0
1855,384.9423089149731,646.0
1856,454.7908246970655,790.0
1857,528.7446250370897,1001.0
1858,517.4765204212449,1001.0
1859,455.4139309963696,770.0
1860,436.2986619392576,809.0
1861,290.8351226442429,637.0
1862,295.09469960893495,520.0
1863,300.5285739998871,507.0
1864,560.8137665396317,1001.0
1865,363.9419695823651,595.0
1866,270.9173322337144,571.0
1867,468.6613784950149,895.0
1868,250.67317016195767,446.0
1869,250.81907124865447,448.0
1870,362.0740908717943,591.0
1871,225.16498445842538,553.0
1872,466.0819200537882,772.0
1873,522.5960312934764,1001.0
1874,406.5994596932832,643.0
1875,306.88228539322915,556.0
1876,290.1673193835964,545.0
1877,335.45654836210525,592.0
1878,240.02614557307737,500.0
1879,382.55865133331656,759.0
1880,243.22568268914884,441.0
1881,294.5354973441328,486.0
1882,273.9319010762133,470.0
1883,219.4586761524367,379.0
1884,469.67978870741064,847.0
1885,333.9525199184741,557.0
1886,364.10791061439784,625.0
1887,401.7823702701301,740.0
1888,296.01090265681574,541.0
1889,355.27635564400583,594.0
1890,298.4156621755077,539.0
1891,219.9487681277594,390.0
1892,320.27256228377513,661.0
1893,572.3284514600736,1001.0
1894,289.303787451953,511.0
1895,372.5603240548696,664.0
1896,208.17338752996403,448.0
1897,211.65850933385113,528.0
1898,283.2507697581005,501.0
1899,339.8051398436673,550.0
1900,235.4961087433381,468.0
1901,302.3802438061429,613.0
1902,235.41117926249782,441.0
1903,426.90405424911626,887.0
1904,344.39009728195947,628.0
1905,377.0347844361528,654.0
1906,292.54916882523787,599.0
1907,253.2102251994061,467.0
1908,266.5786088728971,522.0
1909,437.9558747087479,881.0
1910,366.35269195125744,634.0
1911,179.36808436117997,317.0
1912,404.32772483743986,745.0
1913,371.383896289729,629.0
1914,384.317989865845,761.0
1915,282.37787729111614,453.0
1916,212.88790338061946,481.0
1917,421.5841841230929,749.0
1918,489.99517969612447,999.0
1919,154.9723524144476,373.0
1920,147.78486031635677,386.0
1921,274.6771466132251,472.0
1922,380.95863930378755,633.0
1923,314.6901237935318,510.0
1924,255.97478335451922,457.0
1925,259.9326006367949,502.0
1926,236.38084671062552,502.0
1927,202.70784076095163,410.0
1928,254.54392382854368,494.0
1929,276.3728401269622,514.0
1930,515.4577853574704,942.0
1931,219.6043348765811,444.0
1932,329.11760555047294,600.0
1933,340.0670760779402,649.0
1934,372.06045810371177,635.0
1935,282.96427756117237,546.0
1936,237.0449386275473,447.0
1937,267.233967504858,441.0
1938,103.89539603262665,277.0
1939,285.8314617003998,738.0
1940,234.96644852546123,422.0
1941,304.5278160941289,537.0
1942,433.93184926181266,825.0
1943,394.3097170931633,807.0
1944,179.0850633013896,386.0
1945,329.86577609582105,752.0
1946,177.24532921801875,387.0
1947,368.2411275946914,679.0
1948,337.115420059813,592.0
1949,227.06407315616173,434.0
1950,232.75214147363812,435.0
1951,372.89734194431514,702.0
1952,274.4043335976687,540.0
1953,226.03650946476145,427.0
1954,436.23962780406737,852.0
1955,294.83861254188236,457.0
1956,369.2724141572147,583.0
1957,357.50557549113745,625.0
1958,96.60575909633302,259.0
1959,325.73843061717605,570.0
1960,513.1458823091945,896.0
1961,142.65466843935957,304.0
1962,368.54638863170265,576.0
1963,240.4910190874496,425.0
1964,273.0614647569614,541.0
1965,237.25455658385886,440.0
1966,502.09773224726933,793.0
1967,280.77940630571663,472.0
1968,445.0397154896435,870.0
1969,410.3768887941412,756.0
1970,307.2633365002281,529.0
1971,172.14325398818062,408.0
1972,266.2264148806925,538.0
1973,257.40089973450307,420.0
1974,331.18308699978564,539.0
1975,394.7902763200542,776.0
1976,474.46313223883027,813.0
1977,403.93401946728767,651.0
1978,304.61861294013323,468.0
1979,327.81646296798675,551.0
1980,271.36019201009884,495.0
1981,120.5979039855904,303.0
1982,429.0003841332766,894.0
1983,328.31256794619793,533.0
1984,222.4630964771525,427.0
1985,240.593598906605,421.0
1986,346.66581192597357,654.0
1987,420.4071696072131,772.0
1988,387.3877894118056,905.0
1989,364.68038910511297,692.0
1990,381.6152899896479,686.0
1991,216.68658008579854,410.0
1992,172.4255269380228,306.0
1993,409.0067353438949,670.0
1994,319.4991414529057,572.0
1995,232.6517567294466,403.0
1996,319.74188700473735,671.0
1997,233.80548334065605,511.0
1998,402.6200547031578,760.0
1999,217.42063368561202,394.0
2000,119.6190228546371,286.0
2001,261.09876741249326,532.0
2002,366.59265783459773,643.0
2003,310.45120586485916,565.0
2004,308.46674412138424,694.0
2005,238.01945121100127,442.0
2006,326.210864036297,692.0
2007,183.2157609225881,410.0
2008,205.3461585633571,448.0
2009,245.89763600040897,451.0
2010,229.92702521008553,534.0
2011,425.3211179436488,890.0
2012,448.03946549015444,784.0
2013,303.51210383139096,631.0
2014,305.92609489347,539.0
2015,243.96281461888103,508.0
2016,163.79359088796073,353.0
2017,121.26093552418648,285.0
2018,438.15801912163334,720.0
2019,320.2652653810651,521.0
2020,488.942398149095,918.0
2021,231.4169321194966,540.0
2022,216.38160625541116,475.0
2023,227.70789988321303,436.0
2024,336.7292057597086,676.0
2025,386.3366995608825,740.0
2026,292.3131997825608,583.0
2027,277.648785695764,449.0
2028,321.0312508842472,543.0
2029,275.70268313388635,498.0
2030,181.86597513355437,422.0
2031,297.75055215207936,472.0
2032,266.4396513851455,485.0
2033,399.8013863744071,802.0
2034,321.8171063204199,588.0
2035,182.4201842976344,390.0
2036,242.66772777950092,403.0
2037,230.13828449975378,458.0
2038,201.24761112296792,420.0
2039,208.66436405438895,421.0
2040,200.4737915367935,390.0
2041,353.2007373739685,792.0
2042,270.297938831163,447.0
2043,352.996928250132,608.0
2044,185.12843883806025,424.0
2045,186.47040813206925,344.0
2046,286.52193285644023,474.0
2047,315.66363481584904,535.0
2048,336.594477221164,585.0
2049,256.3390988117245,477.0
2050,316.48722063803496,543.0
2051,348.6819619081969,663.0
2052,315.9469342396624,608.0
2053,285.79527887712106,473.0
2054,159.27281153839746,326.0
2055,106.63586929746013,237.0
2056,300.7682557977234,588.0
2057,263.7552394631536,482.0
2058,308.4454925143458,485.0
2059,342.4802820382623,638.0
2060,262.1021606405337,577.0
2061,354.32659343923893,631.0
2062,335.3618498485774,526.0
2063,394.46747212500225,729.0
2064,412.04337769727965,760.0
2065,345.6378498187267,588.0
2066,326.16953974716284,677.0
2067,197.83219228923824,342.0
2068,261.6984280908759,480.0
2069,323.609580984139,713.0
2070,279.59021508174277,577.0
2071,421.242031976235,708.0
2072,353.30616379191423,639.0
2073,296.100604518777,560.0
2074,211.32502078112864,370.0
2075,252.84705064239202,421.0
2076,257.806293976864,546.0
2077,339.0904518751424,610.0
2078,440.79493355372705,1001.0
2079,337.90750778937166,584.0
2080,339.744599221364,580.0
2081,385.9521368535225,682.0
2082,335.5402510785457,530.0
2083,404.9539013023597,736.0
2084,232.48931594747728,443.0
2085,204.96273986477223,412.0
2086,378.836932119153,677.0
2087,161.1485051718286,378.0
2088,288.85256582867197,516.0
2089,256.8633946232859,429.0
2090,513.471266041714,893.0
2091,492.41633204915706,972.0
2092,177.45054136204996,334.0
2093,226.53409313238714,421.0
2094,292.726392194992,476.0
2095,171.3412789347111,387.0
2096,401.10525839247924,853.0
2097,229.42758926580083,430.0
2098,367.30089849364043,684.0
2099,320.13724308534177,607.0
2100,223.96143331699722,465.0
2101,392.1262400696565,716.0
2102,271.5853591965925,479.0
2103,212.26783551201063,408.0
2104,460.90735477564846,786.0
2105,290.2712714982579,548.0
2106,210.00076507844005,364.0
2107,292.8004334587496,629.0
2108,147.85843075056582,277.0
2109,429.4974525517762,784.0
2110,331.29268219599015,595.0
2111,222.280514551435,373.0
2112,385.909219936532,666.0
2113,366.2892687970209,640.0
2114,235.1845084363722,416.0
2115,277.0128528493776,527.0
2116,502.1376361730584,1001.0
2117,228.49842869784206,475.0
2118,136.41542770536788,324.0
2119,246.47510348705666,507.0
2120,221.44470953834627,409.0
2121,283.9454649421422,651.0
2122,209.95697237022407,386.0
2123,258.68794459190553,450.0
2124,252.08772413051193,505.0
2125,245.6159561656193,458.0
2126,189.41583011069665,427.0
2127,162.53071923793203,369.0
2128,184.26614976132913,391.0
2129,170.89102811961064,322.0
2130,215.35218859045077,368.0
2131,443.5076094511703,769.0
2132,171.0735720403371,384.0
2133,184.05160765111094,379.0
2134,193.30420333216176,374.0
2135,244.54431561200084,401.0
2136,208.51890363833866,383.0
2137,115.51829199572352,281.0
2138,515.7513761694289,874.0
2139,424.57478633586004,705.0
2140,386.2172616544387,1001.0
2141,394.87099511307514,681.0
2142,445.0095168298546,1001.0
2143,243.4313719725418,550.0
2144,293.63733547651043,494.0
2145,142.7014107767129,356.0
2146,298.7525781845504,474.0
2147,497.4433804800352,1001.0
2148,483.6916538144095,1001.0
2149,212.9152710100823,403.0
2150,270.52182420793986,467.0
2151,329.22070040523215,709.0
2152,400.89136627500903,727.0
2153,432.27133188107604,701.0
2154,240.86079111537697,431.0
2155,256.4838646041935,589.0
2156,236.13094458908444,439.0
2157,387.8637034758802,669.0
2158,284.92171653125223,511.0
2159,315.06470075149014,537.0
2160,243.42413409135278,445.0
2161,152.6947896017545,395.0
2162,307.44459315842954,641.0
2163,254.65291090266277,431.0
2164,159.43124988015148,424.0
2165,338.7379635169949,573.0
2166,453.86177767252696,721.0
2167,215.21882673852986,390.0
2168,340.01837648802604,592.0
2169,308.9089998864655,504.0
2170,90.05040069875278,215.0
2171,139.79546623965612,320.0
2172,564.5799466041673,921.0
2173,117.95431474940237,262.0
2174,416.58144899755143,837.0
2175,330.14559277412525,858.0
2176,382.60617076943305,732.0
2177,140.74603126914735,266.0
2178,350.8106011574799,716.0
2179,164.3226673924922,394.0
2180,242.82120442356972,507.0
2181,261.599166668498,512.0
2182,406.7167431523278,710.0
2183,290.1100682862731,564.0
2184,365.87304760126625,630.0
2185,209.47267236148164,469.0
2186,263.50011800511845,532.0
2187,236.92994601304866,471.0
2188,193.8104126773582,389.0
2189,175.47224431549364,338.0
2190,217.95432635019947,397.0
2191,431.270047875206,794.0
2192,343.2077215446436,544.0
2193,424.263522819049,836.0
2194,283.7012474698744,493.0
2195,345.35943449548347,564.0
2196,253.93802881668304,503.0
2197,350.286148699279,803.0
2198,234.78738321751274,487.0
2199,309.7074801444831,537.0
2200,106.61497800113031,287.0
2201,396.437693688392,797.0
2202,157.82097798342627,320.0
2203,189.91431631811355,458.0
2204,377.8318256551372,659.0
2205,240.95602944992518,501.0
2206,200.81964390887114,357.0
2207,239.36172609564449,411.0
2208,302.70662126631845,525.0
2209,286.9317322738689,498.0
2210,304.82364595388884,607.0
2211,338.14447687174055,616.0
2212,240.04428953305427,439.0
2213,338.08503032266725,584.0
2214,532.688282659948,1001.0
2215,266.26387897640495,508.0
2216,210.87680006445834,452.0
2217,183.60885778683473,425.0
2218,417.5899655481469,794.0
2219,557.7384835344812,973.0
2220,180.58753266893038,361.0
2221,332.7325352888269,595.0
2222,309.47719940833093,592.0
2223,365.17703192148883,742.0
2224,335.8479251106835,557.0
2225,341.3916593884024,583.0
2226,243.55811887835895,552.0
2227,372.6840723220054,721.0
2228,367.8761752317999,753.0
2229,478.29026280863934,866.0
2230,278.1583756875406,500.0
2231,241.05270135114634,460.0
2232,301.23536896904704,533.0
2233,569.5330744730262,1001.0
2234,290.71596718634606,521.0
2235,104.83493438669741,255.0
2236,272.9668462909173,475.0
2237,166.30265533362626,352.0
2238,562.697008039071,935.0
2239,278.10447758813615,550.0
2240,292.22733351717886,632.0
2241,468.2536891308123,719.0
2242,437.5975568746013,805.0
2243,268.93369764826565,604.0
2244,396.0051131132937,711.0
2245,327.5188790436312,673.0
2246,202.20010976003547,454.0
2247,384.96153806168155,681.0
2248,413.6071591633308,694.0
2249,230.15146802527798,518.0
2250,133.0438036232701,330.0
2251,465.79466149133566,740.0
2252,292.5191133237308,573.0
2253,201.40855192673138,397.0
2254,496.7804543504558,803.0
2255,340.4442322478313,558.0
2256,98.95099721626323,250.0
2257,341.2995422078058,683.0
2258,298.23718740310346,543.0
2259,311.74233691093286,701.0
2260,242.9013896583885,444.0
2261,424.5438320695161,650.0
2262,446.1395399052902,851.0
2263,175.1539307354138,371.0
2264,194.67106862914082,382.0
2265,147.54451637512494,360.0
2266,285.49379785890216,488.0
2267,245.0883593566396,415.0
2268,228.57969623083022,455.0
2269,424.91471443941214,674.0
2270,325.4347588307134,593.0
2271,358.2854362706625,625.0
2272,325.45704001559255,523.0
2273,210.5458255736701,361.0
2274,242.55587817416205,512.0
2275,240.29755431259522,432.0
2276,292.3597349390847,719.0
2277,226.0539609848633,385.0
2278,137.8495801668593,346.0
2279,307.22819766823113,505.0
2280,298.8722652275218,610.0
2281,222.92931352193256,621.0
2282,79.85702356429782,200.0
2283,420.81367648030425,741.0
2284,311.49909804385646,529.0
2285,176.2738792719384,453.0
2286,426.92996909963716,822.0
2287,422.5557365517689,931.0
2288,153.32183948780366,377.0
2289,271.0296180268298,421.0
2290,241.60009868896756,522.0
2291,304.87969494793333,632.0
2292,417.8024448627108,693.0
2293,254.26240020455157,541.0
2294,351.1449136264004,734.0
2295,427.9213301908105,690.0
2296,226.4497029499765,476.0
2297,367.1804723591988,774.0
2298,397.1138927294206,713.0
2299,200.6324260428287,324.0
2300,270.9607500030762,451.0
2301,328.2758435610488,644.0
2302,268.0577781874954,450.0
2303,203.71531323658334,377.0
2304,202.14197672648973,370.0
2305,186.92459626743315,426.0
2306,394.6613675194114,636.0
2307,392.62862637407284,743.0
2308,526.8392833285143,994.0
2309,276.0448746085395,503.0
2310,220.881954850806,524.0
2311,176.9250537268782,300.0
2312,288.7739450454242,534.0
2313,117.00056002146306,271.0
2314,456.6514248374281,1001.0
2315,330.2573585760227,749.0
2316,369.882415088291,635.0
2317,195.20167550095226,319.0
2318,523.697235904485,980.0
2319,360.18336211973826,698.0
2320,309.09228063859905,518.0
2321,305.4841974164327,485.0
2322,465.7508105381148,776.0
2323,358.1424443138417,712.0
2324,148.83570848674097,343.0
2325,240.86896075441447,545.0
2326,159.58426455963593,304.0
2327,438.50932371296017,722.0
2328,326.4181789089828,583.0
2329,430.0431008940051,993.0
2330,292.59355376502225,582.0
2331,266.0112015723037,451.0
2332,251.36560875250524,424.0
2333,212.72727185632021,425.0
2334,206.07529036259737,389.0
2335,408.7305469340453,815.0
2336,184.1140911037345,327.0
2337,451.7061953303381,961.0
2338,174.37569956341977,302.0
2339,457.6165942409097,869.0
2340,306.02232674145773,547.0
2341,262.834447563986,411.0
2342,214.82700388126895,439.0
2343,515.4904575114591,1001.0
2344,341.51925118093186,666.0
2345,480.77453120562103,1001.0
2346,432.03807277644785,865.0
2347,181.82959474089876,369.0
2348,397.5807107178479,627.0
2349,348.169807065783,644.0
2350,393.7617490992423,721.0
2351,302.2734395647984,492.0
2352,598.3711887021433,1001.0
2353,590.9475360940011,1001.0
2354,419.71670259198305,661.0
2355,126.94935709297984,305.0
2356,243.28350423729754,444.0
2357,208.29124157040175,368.0
2358,380.4485385712612,576.0
2359,223.8748325840168,384.0
2360,274.5393412039488,483.0
2361,238.02024241334902,452.0
2362,418.1930188385979,717.0
2363,442.58760091557497,934.0
2364,392.5551090352959,659.0
2365,410.9486963304361,809.0
2366,331.8421152743504,682.0
2367,118.4505030093439,232.0
2368,350.72499323794665,730.0
2369,369.4935712458361,700.0
2370,240.66975619776392,512.0
2371,447.1984149560494,729.0
2372,238.9345239667056,429.0
2373,143.1359542457319,316.0
2374,216.61968235089952,389.0
2375,607.239961803294,1001.0
2376,250.56257433442187,433.0
2377,292.82845845052185,533.0
2378,490.5643235459089,1001.0
2379,424.3291241350621,719.0
2380,178.25824041691766,300.0
2381,132.88703354796476,327.0
2382,230.7692577490843,421.0
2383,355.8388206936175,644.0
2384,169.45687631521892,363.0
2385,412.0825067607284,829.0
2386,212.60738718151887,383.0
2387,238.42955455905542,455.0
2388,378.3208727249808,630.0
2389,248.4042551686433,674.0
2390,312.6377133919923,662.0
2391,365.18183657455444,545.0
2392,288.78480712386676,644.0
2393,181.21803679103795,354.0
2394,219.01375941429316,588.0
2395,378.70555679903725,591.0
2396,365.671195715722,618.0
2397,496.1066018139601,1001.0
2398,228.5041565836329,416.0
2399,255.60187470875007,438.0
2400,271.66364272178873,525.0
2401,405.69466693623656,763.0
2402,227.3792814590849,470.0
2403,221.95514322253715,379.0
2404,129.33245238188883,282.0
2405,381.78181141553506,785.0
2406,327.4986294857585,632.0
2407,396.81422892992316,769.0
2408,249.09086851997012,472.0
2409,357.2642001365038,586.0
2410,278.30743269336443,517.0
2411,499.84764687541787,802.0
2412,460.94966705991345,774.0
2413,485.5337317387721,976.0
2414,332.27005131309386,568.0
2415,168.39757596225735,411.0
2416,126.32947270862363,326.0
2417,270.03772573640515,511.0
2418,321.7856716609758,607.0
2419,392.80560293124455,635.0
2420,448.83021579287265,1001.0
2421,329.8292782256923,643.0
2422,211.7197043093306,392.0
2423,415.8968763314531,798.0
2424,181.52742436971621,399.0
2425,294.0428507309731,507.0
2426,274.5375803132576,615.0
2427,468.28182103343033,824.0
2428,318.6650855436192,584.0
2429,367.4096991532541,606.0
2430,550.9968147758528,1001.0
2431,408.0426933709928,848.0
2432,478.5378756043654,1001.0
2433,282.6619922828522,473.0
2434,327.8053141856106,636.0
2435,149.93438405261332,389.0
2436,387.39017831045476,832.0
2437,157.0808341461628,290.0
2438,494.9642658340106,1001.0
2439,206.00754854144878,394.0
2440,238.71399645003942,413.0
2441,427.47980267240905,787.0
2442,391.19088750607955,684.0
2443,381.3708724567767,741.0
2444,133.8278867659324,246.0
2445,494.7695159927723,809.0
2446,365.32348831122977,806.0
2447,311.12438933757704,546.0
2448,457.2367766694477,865.0
2449,232.0353275365805,385.0
2450,483.7517265354913,909.0
2451,290.70386897096387,502.0
2452,313.9956853091505,482.0
2453,313.9804962727797,564.0
2454,343.89384042708775,649.0
2455,448.7861975359351,1001.0
2456,302.6196087411105,559.0
2457,137.88598669068588,314.0
2458,490.972872849246,1001.0
2459,222.92870555449113,439.0
2460,491.01231312751776,1001.0
2461,321.9906296624458,547.0
2462,401.18282843158653,632.0
2463,368.8413286916803,760.0
2464,214.73723624071454,391.0
2465,264.7889244950467,507.0
2466,606.1243426495438,1001.0
2467,331.94573904306134,638.0
2468,213.59770754327855,376.0
2469,227.5562757999824,398.0
2470,183.4065618717849,320.0
2471,540.9031261872469,1001.0
2472,208.81561061889767,378.0
2473,506.53110119563456,1001.0
2474,502.0253067535664,851.0
2475,347.94182179488894,846.0
2476,168.32984402418606,332.0
2477,349.8005978995505,647.0
2478,377.14839339988714,650.0
2479,182.86602912852413,386.0
2480,514.0815359781418,921.0
2481,276.7763182346738,534.0
2482,187.3515609097703,407.0
2483,222.95246933965217,529.0
2484,345.0400269892439,582.0
2485,287.83219849873956,460.0
2486,176.54451463959816,305.0
2487,124.91890757656284,290.0
2488,231.78668799892358,404.0
2489,269.7096002986019,552.0
2490,254.49050720331292,472.0
2491,305.6716683712482,517.0
2492,199.18324419452676,387.0
2493,417.6147875233372,756.0
2494,396.3209970994006,729.0
2495,402.5738280408121,820.0
2496,231.31862144661946,391.0
2497,287.14091583078044,491.0
2498,361.7770820273339,749.0
2499,245.5125686294222,474.0
2500,408.702665265009,712.0
2501,333.356623933662,563.0
2502,231.13322337275144,555.0
2503,258.51194954241953,483.0
2504,360.29875040962884,620.0
2505,472.24842283877354,1001.0
2506,319.9089469019675,666.0
2507,351.8708030275448,658.0
2508,268.4057721602198,488.0
2509,384.14116520031996,681.0
2510,424.47690718828625,866.0
2511,400.51236795836303,686.0
2512,270.3991572145831,629.0
2513,257.8229519522991,570.0
2514,569.8525728060023,1001.0
2515,120.3880688210247,337.0
2516,396.43928845281823,683.0
2517,232.68894526942123,369.0
2518,202.2826623890503,344.0
2519,350.9479432943318,592.0
2520,255.20427527201443,497.0
2521,286.27892674243276,569.0
2522,223.64521270903344,382.0
2523,248.83301959404946,554.0
2524,258.1467395576963,453.0
2525,165.8690477075984,428.0
2526,312.30259958681967,674.0
2527,199.91456000597256,438.0
2528,388.37615459188356,707.0
2529,555.6947206829071,1001.0
2530,456.54161713971456,1001.0
2531,221.78250398811787,370.0
2532,509.4165697759318,1001.0
2533,190.72743722148385,311.0
2534,407.69581895230993,624.0
2535,193.18667062050974,353.0
2536,352.53291546770595,590.0
2537,104.52169053724452,218.0
2538,533.4401257651131,928.0
2539,380.4984969630104,622.0
2540,366.87798722525804,734.0
2541,120.21348241085863,272.0
2542,267.7548804111775,557.0
2543,240.49701706981799,551.0
2544,349.6210325983325,649.0
2545,314.19896128155534,548.0
2546,273.1291272489234,471.0
2547,271.68737446126227,423.0
2548,244.84081068338241,475.0
2549,369.44362550356885,634.0
2550,422.49913934271603,677.0
2551,443.0642076159756,830.0
2552,275.81736700981656,577.0
2553,407.6552343558653,705.0
2554,252.65666967080398,427.0
2555,458.0320276741395,845.0
2556,148.4573581791142,325.0
2557,244.81782243698925,438.0
2558,400.99284824345256,735.0
2559,391.12834214266996,723.0
2560,587.0442770665137,1001.0
2561,229.87997365582683,443.0
2562,218.87993205038998,410.0
2563,431.02397491232375,708.0
2564,157.1191998246575,287.0
2565,340.8459015088269,638.0
2566,348.2912584933915,678.0
2567,579.6779131984518,964.0
2568,384.3722986317294,687.0
2569,303.9100021903278,562.0
2570,205.51943334198018,447.0
2571,361.870236801705,720.0
2572,241.28143856097347,516.0
2573,397.9438706866989,735.0
2574,322.60478212911994,679.0
2575,264.9188127531019,524.0
2576,278.91130976508947,538.0
2577,381.86526967794674,699.0
2578,418.6886686431914,831.0
2579,459.59554721647544,1000.0
2580,170.40405856485188,287.0
2581,172.12416577006172,376.0
2582,349.4138449668651,541.0
2583,372.19612923674805,601.0
2584,373.9946888920834,731.0
2585,213.4701152531271,381.0
2586,387.39384366557925,732.0
2587,257.3040776464962,458.0
2588,178.4564767605132,397.0
2589,248.9305334428925,505.0
2590,152.81074304345645,292.0
2591,565.2644991392834,1001.0
2592,564.5803376370114,1001.0
2593,309.4113052604158,535.0
2594,139.01645140187338,227.0
2595,130.82944691982541,262.0
2596,610.7761097903239,1001.0
2597,501.7106503413901,1001.0
2598,449.2579838206777,813.0
2599,375.6154250181861,623.0
2600,150.53901358227535,249.0
2601,397.08149252286734,810.0
2602,319.76140415242213,655.0
2603,282.2027135041285,536.0
2604,232.05212180394085,429.0
2605,336.0791636687534,624.0
2606,302.61630048716876,535.0
2607,205.08156345781944,396.0
2608,444.9622830215224,850.0
2609,399.57792012551784,671.0
2610,306.97617458575263,549.0
2611,165.14150089257743,335.0
2612,297.4990917291388,684.0
2613,206.64115045177604,363.0
2614,316.8399668845833,598.0
2615,519.0925583291477,1001.0
2616,247.52296149776674,465.0
2617,351.44963608258007,671.0
2618,322.9183447060727,723.0
2619,148.11603116221627,343.0
2620,189.30256956598606,316.0
2621,280.3303049797731,552.0
2622,146.80466728316856,292.0
2623,298.0304892969626,534.0
2624,518.0643963356114,1001.0
2625,264.5838721642587,423.0
2626,313.03601685180206,552.0
2627,502.18112391980026,919.0
2628,174.87577649875797,351.0
2629,295.0449550153379,594.0
2630,156.87900989686105,316.0
2631,551.4099379435572,1001.0
2632,301.01258319758125,510.0
2633,538.104734132433,1001.0
2634,279.45389608228857,484.0
2635,239.79857543247837,416.0
2636,240.52787554533595,523.0
2637,303.0465354349542,666.0
2638,251.40218471779664,492.0
2639,236.56277257311567,450.0
2640,257.52146563030186,477.0
2641,162.28856818327515,322.0
2642,309.806633231974,647.0
2643,308.93217624486533,580.0
2644,310.78696543113983,570.0
2645,277.0441667692956,482.0
2646,275.2980067918291,499.0
2647,311.3633001888241,574.0
2648,433.9373425631888,781.0
2649,304.3247129767278,559.0
2650,375.61391769633775,684.0
2651,191.31171467502247,399.0
2652,120.8776422850367,346.0
2653,333.5347321485569,540.0
2654,505.3686211102235,838.0
2655,222.30119976952878,431.0
2656,368.229266192979,696.0
2657,332.58062464218165,554.0
2658,379.3052423565598,684.0
2659,195.41697944351216,343.0
2660,339.82741685465453,562.0
2661,93.66081137986204,232.0
2662,465.97175084338477,873.0
2663,310.59100565413445,485.0
2664,294.7872381887432,493.0
2665,518.6674503313203,1001.0
2666,243.26407178774465,478.0
2667,267.81948010329245,520.0
2668,194.6299582806257,332.0
2669,287.4525896471782,489.0
2670,268.73835515261146,569.0
2671,423.4669196739148,760.0
2672,362.500880674572,694.0
2673,189.78047555411862,341.0
2674,211.82933536457762,378.0
2675,205.1711436849546,330.0
2676,253.9938889839048,413.0
2677,236.06397255720861,403.0
2678,158.89592818049186,280.0
2679,426.9659806984914,713.0
2680,236.0197270039602,393.0
2681,405.7169284283392,940.0
2682,242.0779478633118,475.0
2683,248.5300300108728,461.0
2684,185.41388612141415,391.0
2685,347.9710254114931,562.0
2686,261.1798183246293,475.0
2687,123.31487892807418,303.0
2688,225.25105009037657,477.0
2689,435.93455134285716,840.0
2690,205.53209491283408,362.0
2691,315.1801719050475,559.0
2692,281.45882080280785,557.0
2693,83.1603244081735,210.0
2694,420.6705554578066,935.0
2695,283.47758445791914,520.0
2696,229.54505455376417,380.0
2697,286.45528636836923,513.0
2698,351.7926788668893,624.0
2699,505.3098552928184,800.0
2700,332.52513977139864,563.0
2701,151.15122354193505,281.0
2702,327.61277913488954,591.0
2703,144.91123153842918,345.0
2704,226.3884109715371,436.0
2705,413.39961166827493,715.0
2706,227.28489769340723,384.0
2707,304.8074340855672,587.0
2708,122.5114310940491,200.0
2709,542.3078031571191,898.0
2710,231.45060715849147,362.0
2711,134.432276085729,271.0
2712,552.269525212525,1001.0
2713,466.21251974767324,852.0
2714,466.69078946279615,894.0
2715,191.99529491535367,357.0
2716,183.46710010991637,366.0
2717,196.83577192985774,345.0
2718,270.08398404099927,423.0
2719,178.4728680638096,396.0
2720,424.8011760653841,798.0
2721,142.08819829263206,345.0
2722,367.389504627483,565.0
2723,195.96611322098022,365.0
2724,174.20774325803777,334.0
2725,135.5558887457916,221.0
2726,240.97388283199533,408.0
2727,274.5378331146431,545.0
2728,156.33785487714815,392.0
2729,307.05004226137953,728.0
2730,331.3565538811623,689.0
2731,179.52375586193003,319.0
2732,202.6423816460719,380.0
2733,206.71865040683483,346.0
2734,212.57567400285538,386.0
2735,171.7075213496556,291.0
2736,263.8475743432278,441.0
2737,319.50243719952226,644.0
2738,160.27291290598296,280.0
2739,141.3674536640381,246.0
2740,223.92005122613912,423.0
2741,257.7526436913498,460.0
2742,290.37834660805714,461.0
2743,148.63500986201373,236.0
2744,244.80021682506435,490.0
2745,326.1395732682484,637.0
2746,132.9895856281193,268.0
2747,179.13499284225063,319.0
2748,157.35626526283127,283.0
2749,277.9621310476104,494.0
2750,171.1529938906129,290.0
2751,171.67002127894995,321.0
2752,467.5376026760438,869.0
2753,198.4217914470781,385.0
2754,292.74714276779076,594.0
2755,211.42433000970703,377.0
2756,222.35617288545166,406.0
2757,186.46020145998511,302.0
2758,148.2869701406868,233.0
2759,268.2369238144691,509.0
2760,294.48653542133667,608.0
2761,170.50964849555777,295.0
2762,170.063540019545,276.0
2763,222.2076469738516,377.0
2764,260.60078015168943,502.0
2765,168.66503175924802,322.0
2766,552.1373888998759,1001.0
2767,153.0132456713861,292.0
2768,311.8736505724379,528.0
2769,132.61325824394518,251.0
2770,138.36144878896425,268.0
2771,493.8609019881887,958.0
2772,118.33235084591415,197.0
2773,206.54061951714266,366.0
2774,153.00283828199505,265.0
2775,136.3722644470536,380.0
2776,543.434608916595,1001.0
2777,164.16994332896454,289.0
2778,186.21476185931124,294.0
2779,264.36961792879123,398.0
2780,287.8635904342433,601.0
2781,186.53209013214382,316.0
2782,109.73934183907507,208.0
2783,214.10756232978758,363.0
2784,577.2589507396107,937.0
2785,272.3767219422198,467.0
2786,173.59657151991303,367.0
2787,178.9267463977634,298.0
2788,249.80341159126365,544.0
2789,185.4835351327554,341.0
2790,202.32785442357095,320.0
2791,240.84103517387547,439.0
2792,310.637185326492,622.0
2793,225.53499635735008,420.0
2794,235.5171020072893,400.0
2795,186.42604261055575,373.0
2796,217.32299683644305,385.0
2797,136.1556846128266,242.0
2798,223.8843306830015,338.0
2799,319.7258827979744,584.0
2800,164.50434170755014,274.0
2801,396.5162362857073,650.0
2802,214.41984023924866,426.0
2803,213.7932629819712,414.0
2804,200.3494296528042,380.0
2805,186.38481468845342,385.0
2806,157.41496142047228,311.0
2807,158.93442005255503,280.0
2808,254.82568440260795,477.0
2809,209.66531207384762,382.0
2810,220.6923166480253,440.0
2811,269.9009680400061,555.0
2812,201.9445417602457,347.0
2813,178.57454873925386,359.0
2814,218.25131387455218,380.0
2815,249.71190838654152,385.0
2816,185.76723079043578,337.0
2817,157.9204071957261,347.0
2818,340.3166928284172,578.0
2819,228.40378776379487,397.0
2820,146.20175373952296,358.0
2821,235.79790155407724,390.0
2822,286.06863386611036,505.0
2823,334.20510718172824,530.0
2824,470.47580232767615,792.0
2825,129.97734398135543,244.0
2826,221.09253272138548,370.0
2827,247.45061155869337,406.0
2828,211.84242489506693,426.0
2829,152.48452106090863,305.0
2830,158.9219348128533,336.0
2831,89.40457978505752,182.0
2832,471.76664046087774,830.0
2833,173.3680813300002,293.0
2834,366.0248701534121,580.0
2835,184.8990127136771,310.0
2836,279.5609368297653,579.0
2837,318.1029398396134,580.0
2838,414.9208390396132,704.0
2839,163.16830520241564,330.0
2840,287.81976749374144,524.0
2841,131.62827230735778,250.0
2842,253.90046164752275,569.0
2843,176.361647312892,289.0
2844,136.1095063681827,270.0
2845,359.30331223487923,619.0
2846,361.01060207595094,618.0
2847,160.09386060928392,287.0
2848,166.67093778578732,310.0
2849,331.05186552882276,615.0
2850,145.89729103958317,337.0
2851,261.54816572423465,550.0
2852,134.26213085863873,239.0
2853,206.66086450417683,406.0
2854,232.14323084408167,380.0
2855,149.9969777956047,283.0
2856,443.0965561345015,1001.0
2857,175.79006418845154,385.0
2858,231.98363814344398,400.0
2859,276.0815661948801,503.0
2860,203.17127613760817,357.0
2861,257.2743847647205,624.0
2862,281.02198698247366,519.0
2863,275.3595175828037,509.0
2864,152.01786090100498,342.0
2865,117.98444288037093,215.0
2866,164.23071177693544,291.0
2867,492.6531980182829,1001.0
2868,283.73371796951875,557.0
2869,138.96512180029762,252.0
2870,179.94059748227318,319.0
2871,161.9642816980856,278.0
2872,231.6553328933111,534.0
2873,139.8635992870354,269.0
2874,163.4350022096817,292.0
2875,536.9798580661733,1001.0
2876,142.17659203622077,299.0
2877,211.55991137475766,478.0
2878,330.0156617873949,558.0
2879,251.8501867352336,526.0
2880,140.37616491881417,278.0
2881,138.0854632180735,240.0
2882,194.22799808178252,491.0
2883,534.9556079468255,1001.0
2884,240.91056805309645,574.0
2885,430.92459901714466,1001.0
2886,387.60969806435156,1001.0
2887,162.86608616109467,288.0
2888,281.73355746559514,581.0
2889,207.47496248214992,408.0
2890,161.06886893995366,287.0
2891,216.19904283721505,412.0
2892,187.21310708897548,357.0
2893,251.89283488655812,465.0
2894,156.60890253892762,276.0
2895,221.05796032811165,435.0
2896,306.2235859748295,838.0
2897,169.67795954358294,338.0
2898,186.81170415988862,390.0
2899,218.5029456763319,398.0
2900,142.9308139404874,259.0
2901,315.7362949679075,542.0
2902,506.8831700579211,866.0
2903,124.33255335870994,210.0
2904,210.6175357901005,368.0
2905,312.5942086874487,546.0
2906,182.56128477441766,342.0
2907,168.40726848800836,333.0
2908,298.6075645746531,527.0
2909,218.8024452270552,459.0
2910,114.04295905976946,213.0
2911,168.77042122789405,304.0
2912,168.12039204845172,277.0
2913,174.38182321003495,328.0
2914,172.52298882464498,347.0
2915,205.25813535260383,409.0
2916,157.35194723725954,274.0
2917,457.79471775321474,1001.0
2918,223.66865796467397,408.0
2919,153.12634336094217,257.0
2920,168.51784195707805,286.0
2921,463.9874855209897,964.0
2922,331.7212017820321,552.0
2923,293.0655685027262,628.0
2924,446.883696314893,1001.0
2925,210.90993676638956,427.0
2926,198.99374778570123,352.0
2927,110.05042492404964,189.0
2928,164.77602940153244,300.0
2929,256.0248495592739,524.0
2930,207.16953258377666,376.0
2931,295.4288702172547,644.0
2932,257.15745439917333,551.0
2933,175.4584809525911,343.0
2934,152.1777120981613,285.0
2935,396.9167090756952,665.0
2936,129.30728359642112,227.0
2937,132.22900710728888,303.0
2938,102.33535467779146,211.0
2939,163.3080326208199,337.0
2940,286.4188002815034,506.0
2941,285.4753380914097,546.0
2942,329.32819873687714,547.0
2943,371.54019477065145,670.0
2944,203.58701197427695,383.0
2945,210.4538148109341,387.0
2946,287.8908763537156,482.0
2947,341.0737594527268,644.0
2948,232.41187465270332,405.0
2949,174.10143393417974,311.0
2950,162.39663704774895,327.0
2951,257.78281338679983,668.0
2952,251.9607941329159,462.0
2953,244.568010111125,408.0
2954,445.48858329574637,802.0
2955,232.82534852113398,429.0
2956,158.95457222939058,259.0
2957,372.75294968628305,880.0
2958,280.65381932201,458.0
2959,239.29120069343284,395.0
2960,227.98300466196622,473.0
2961,182.84720052620827,376.0
2962,268.4280733241965,446.0
2963,273.7378453568042,465.0
2964,278.3078243082576,620.0
2965,221.42827644991598,404.0
2966,306.3924175540538,553.0
2967,148.60795289814774,290.0
2968,279.3164917783373,508.0
2969,256.7620687090077,470.0
2970,167.4853405269709,368.0
2971,156.70672506113323,312.0
2972,429.77246901681775,1001.0
2973,315.00326573138466,487.0
2974,215.22983239438622,579.0
2975,296.7067762128217,559.0
2976,271.2930680169016,552.0
2977,246.02404008143816,446.0
2978,248.0156148822519,443.0
2979,336.0120550582224,638.0
2980,356.13948158687623,791.0
2981,186.7867071357635,333.0
2982,167.73650438466524,321.0
2983,205.21513782965852,417.0
2984,239.72375258048936,432.0
2985,169.0747183087091,371.0
2986,310.6162398149818,758.0
2987,197.97713862207763,378.0
2988,201.98810954535864,383.0
2989,282.02134303770174,514.0
2990,155.49907811387862,301.0
2991,243.3592027284415,472.0
2992,196.0089513831811,431.0
2993,228.5758763308946,454.0
2994,257.79110175395255,475.0
2995,388.8006111217474,881.0
2996,127.37649600042013,253.0
2997,440.7005439916525,723.0
2998,200.39780952295175,435.0
2999,309.020207467538,675.0
3000,211.1567747712649,420.0
3001,204.9506559948787,348.0
3002,331.99108481534097,630.0
3003,454.1683862945819,763.0
3004,194.4391994409529,367.0
3005,198.38594651380058,368.0
3006,176.17295745072025,352.0
3007,379.7948999373534,644.0
3008,238.26677820329752,394.0
3009,319.395559719306,589.0
3010,118.80928426891188,215.0
3011,259.80986917619657,418.0
3012,279.13959764119824,543.0
3013,188.2016797611744,417.0
3014,251.4951915621919,523.0
3015,437.32700161987185,828.0
3016,294.23501606282275,507.0
3017,480.7286862068265,1001.0
3018,297.06955105328234,665.0
3019,245.78109082782612,499.0
3020,194.5553603841273,385.0
3021,202.98704954661665,429.0
3022,428.3243194430838,735.0
3023,250.10923562692298,511.0
3024,208.5178680705088,449.0
3025,324.53455660704617,643.0
3026,157.84226785875327,306.0
3027,173.0991012814947,355.0
3028,226.8104361713324,447.0
3029,251.82271925878018,581.0
3030,298.05535824018267,543.0
3031,279.4015777658048,484.0
3032,223.70648068444484,520.0
3033,273.98941656588795,594.0
3034,230.70782243042368,439.0
3035,173.94704733254454,313.0
3036,209.36491252396195,506.0
3037,226.94727362432067,495.0
3038,394.1391242992819,735.0
3039,136.046837203764,279.0
3040,350.3471955081339,554.0
3041,168.27870206644414,351.0
3042,263.26526823008794,569.0
3043,307.60330209482186,529.0
3044,370.5819387866442,706.0
3045,301.29427262647874,662.0
3046,535.3464345783104,882.0
3047,303.0037006874974,692.0
3048,242.13691381568006,512.0
3049,316.7949248653631,591.0
3050,189.95230934892143,349.0
3051,315.52539636595327,524.0
3052,188.9181766074735,398.0
3053,167.8843091502712,325.0
3054,538.1901924657001,1001.0
3055,283.7346191163945,672.0
3056,131.70751305952425,273.0
3057,326.3729852535665,652.0
3058,241.82064438785457,504.0
3059,348.0583048672899,624.0
3060,252.02310749489365,494.0
3061,215.81160027832306,427.0
3062,337.1717300209223,673.0
3063,426.195632238384,947.0
3064,210.45907583819135,426.0
3065,348.1438752763739,632.0
3066,328.3184474011903,712.0
3067,304.5021870909949,644.0
3068,284.0227683168119,615.0
3069,221.12314560696342,405.0
3070,154.77480703183608,321.0
3071,223.76761919315092,565.0
3072,351.2912737439345,577.0
3073,242.47400229846014,514.0
3074,226.96048880674036,415.0
3075,263.973407947917,660.0
3076,357.57151174236947,619.0
3077,190.0428206963484,399.0
3078,174.27110683163198,324.0
3079,287.68701706334855,746.0
3080,284.73004369377503,670.0
3081,205.81259409101537,397.0
3082,152.41034319998184,317.0
3083,420.7209378654996,734.0
